Radiacion,Cumple Limite Permitido
2.763,Si
3.98,Si
6.571,No
9.843,No
4.505,Si
6.507,No
1.859,Si
2.586,Si
0.198,Si
9.785,No
4.44,Si
0.502,Si
9.736,No
2.861,Si
4.486,Si
9.161,No
7.95,No
0.025,Si
8.445,No
3.385,Si
5.091,No
5.853,No
7.21,No
0.348,Si
3.175,Si
9.889,No
5.264,No
0.543,Si
2.151,Si
4.902,Si
4.591,Si
7.804,No
7.542,No
1.019,Si
7.411,No
3.481,Si
0.256,Si
9.583,No
8.213,No
8.001,No
6.423,No
7.489,No
4.372,Si
7.593,No
0.055,Si
9.747,No
4.004,Si
1.977,Si
5.918,No
0.043,Si
1.26,Si
4.366,Si
1.508,Si
6.654,No
8.152,No
6.432,No
2.254,Si
3.116,Si
9.611,No
8.066,No
0.028,Si
5.601,No
1.026,Si
1.925,Si
2.106,Si
4.306,Si
0.303,Si
6.546,No
7.336,No
6.284,No
0.609,Si
6.784,No
8.477,No
4.874,Si
1.388,Si
4.318,Si
4.383,Si
6.012,No
8.29,No
9.147,No
4.2,Si
5.745,No
2.848,Si
7.383,No
6.962,No
3.795,Si
0.737,Si
9.086,No
6.821,No
6.326,No
8.908,No
3.413,Si
2.762,Si
3.569,Si
0.462,Si
9.804,No
1.105,Si
0.481,Si
3.651,Si
8.124,No
6.179,No
9.759,No
2.905,Si
8.375,No
8.851,No
3.392,Si
2.909,Si
2.251,Si
3.285,Si
2.838,Si
1.112,Si
4.92,Si
6.107,No
6.301,No
4.007,Si
0.623,Si
6.211,No
3.881,Si
0.101,Si
3.747,Si
0.58,Si
2.106,Si
4.989,Si
4.418,Si
5.305,No
9.278,No
4.93,Si
5.334,No
9.664,No
4.959,Si
9.715,No
5.458,No
8.605,No
3.83,Si
9.002,No
9.436,No
8.22,No
0.18,Si
0.318,Si
6.799,No
4.362,Si
4.517,Si
6.666,No
9.064,No
9.558,No
7.054,No
5.198,No
5.212,No
4.394,Si
3.6,Si
0.886,Si
7.265,No
8.174,No
4.252,Si
1.8,Si
2.703,Si
7.136,No
0.107,Si
0.957,Si
2.773,Si
9.353,No
1.079,Si
5.675,No
6.076,No
6.636,No
7.481,No
7.921,No
8.681,No
7.936,No
6.431,No
6.462,No
7.355,No
8.67,No
2.883,Si
9.571,No
0.99,Si
2.07,Si
1.551,Si
2.787,Si
8.633,No
9.694,No
8.491,No
3.052,Si
1.593,Si
6.87,No
1.348,Si
2.977,Si
6.821,No
1.247,Si
1.361,Si
4.419,Si
3.934,Si
1.648,Si
0.921,Si
9.435,No
1.156,Si
9.359,No
9.559,No
0.133,Si
0.353,Si
0.032,Si
5.546,No
7.757,No
1.581,Si
5.106,No
4.747,Si
7.601,No
3.592,Si
8.08,No
1.905,Si
6.879,No
9.71,No
3.021,Si
9.287,No
0.919,Si
5.625,No
9.444,No
6.938,No
7.824,No
4.251,Si
8.856,No
1.186,Si
4.69,Si
9.954,No
0.876,Si
8.41,No
3.524,Si
1.26,Si
8.501,No
2.999,Si
6.765,No
1.391,Si
8.067,No
9.546,No
1.712,Si
9.104,No
8.043,No
4.273,Si
9.149,No
9.99,No
6.802,No
7.709,No
1.655,Si
9.173,No
0.317,Si
1.653,Si
2.528,Si
7.761,No
7.823,No
9.775,No
9.937,No
9.584,No
7.809,No
4.693,Si
9.72,No
3.585,Si
5.243,No
3.892,Si
9.894,No
0.203,Si
9.191,No
1.435,Si
1.511,Si
0.571,Si
5.175,No
0.973,Si
5.52,No
4.962,Si
0.232,Si
6.392,No
4.185,Si
7.021,No
7.48,No
0.65,Si
5.704,No
5.78,No
1.504,Si
6.013,No
9.505,No
0.047,Si
6.543,No
0.978,Si
3.233,Si
1.161,Si
2.023,Si
8.809,No
2.587,Si
7.679,No
6.576,No
9.375,No
7.292,No
0.408,Si
1.17,Si
6.554,No
1.961,Si
7.624,No
3.023,Si
1.961,Si
6.473,No
8.325,No
3.421,Si
6.185,No
1.306,Si
0.866,Si
6.468,No
9.69,No
3.715,Si
8.1,No
9.885,No
0.837,Si
9.025,No
3.032,Si
2.676,Si
4.259,Si
7.868,No
0.239,Si
2.0,Si
7.3,No
3.561,Si
1.12,Si
1.814,Si
0.927,Si
4.922,Si
4.152,Si
9.764,No
6.991,No
2.712,Si
6.924,No
7.291,No
0.45,Si
6.047,No
6.27,No
1.187,Si
9.951,No
9.819,No
6.671,No
1.486,Si
9.543,No
0.745,Si
5.039,No
3.11,Si
6.595,No
2.375,Si
1.218,Si
2.096,Si
6.519,No
2.075,Si
6.447,No
8.533,No
0.046,Si
6.398,No
0.185,Si
0.763,Si
3.547,Si
9.735,No
4.409,Si
5.027,No
0.441,Si
0.816,Si
8.744,No
4.061,Si
8.949,No
0.403,Si
1.242,Si
5.654,No
3.103,Si
6.005,No
6.286,No
1.205,Si
3.922,Si
8.606,No
4.515,Si
4.682,Si
6.048,No
4.825,Si
1.997,Si
4.948,Si
9.058,No
5.485,No
8.632,No
5.251,No
0.717,Si
1.576,Si
3.914,Si
0.106,Si
4.807,Si
4.322,Si
0.646,Si
5.002,No
1.181,Si
6.248,No
5.581,No
4.487,Si
3.615,Si
1.548,Si
1.776,Si
6.794,No
9.152,No
9.836,No
5.011,No
0.541,Si
0.038,Si
7.978,No
4.43,Si
6.128,No
8.353,No
5.848,No
7.588,No
2.551,Si
5.739,No
6.19,No
4.255,Si
3.586,Si
5.22,No
5.66,No
8.141,No
0.351,Si
2.714,Si
1.357,Si
7.416,No
7.451,No
7.158,No
2.091,Si
2.428,Si
3.883,Si
7.34,No
0.798,Si
1.052,Si
5.155,No
6.838,No
0.377,Si
3.026,Si
5.859,No
4.378,Si
1.479,Si
3.907,Si
3.674,Si
3.632,Si
0.018,Si
7.739,No
6.089,No
8.262,No
0.383,Si
3.922,Si
3.92,Si
8.053,No
1.005,Si
5.083,No
3.347,Si
1.606,Si
2.928,Si
9.904,No
9.216,No
4.075,Si
0.787,Si
2.288,Si
0.351,Si
0.66,Si
8.28,No
7.144,No
8.113,No
2.198,Si
7.685,No
5.807,No
0.109,Si
1.787,Si
2.601,Si
3.113,Si
7.442,No
3.406,Si
6.286,No
0.543,Si
0.538,Si
5.825,No
6.834,No
1.736,Si
3.47,Si
6.629,No
4.422,Si
1.561,Si
8.207,No
8.995,No
0.991,Si
3.156,Si
7.199,No
2.124,Si
0.578,Si
4.183,Si
4.804,Si
9.174,No
4.76,Si
1.698,Si
5.595,No
2.733,Si
2.609,Si
1.7,Si
6.04,No
8.576,No
1.488,Si
1.54,Si
3.744,Si
4.243,Si
4.77,Si
4.914,Si
6.856,No
9.338,No
7.599,No
2.017,Si
7.997,No
1.94,Si
6.784,No
3.79,Si
5.794,No
9.087,No
9.652,No
5.697,No
2.898,Si
9.303,No
1.21,Si
2.984,Si
3.142,Si
4.386,Si
0.957,Si
2.737,Si
5.945,No
6.52,No
8.695,No
0.55,Si
3.103,Si
4.127,Si
0.495,Si
7.35,No
8.191,No
1.069,Si
6.524,No
3.201,Si
9.841,No
9.614,No
5.805,No
3.063,Si
0.518,Si
0.434,Si
0.016,Si
6.324,No
1.034,Si
7.981,No
5.186,No
7.275,No
5.046,No
8.803,No
4.277,Si
9.241,No
9.159,No
7.576,No
2.598,Si
9.273,No
2.823,Si
2.291,Si
1.9,Si
5.584,No
6.479,No
3.685,Si
5.06,No
9.741,No
1.706,Si
3.532,Si
4.299,Si
9.131,No
1.876,Si
5.337,No
3.941,Si
1.289,Si
2.462,Si
0.612,Si
4.656,Si
7.213,No
8.039,No
6.04,No
0.791,Si
4.486,Si
9.13,No
1.344,Si
4.89,Si
6.523,No
2.04,Si
6.014,No
7.764,No
1.343,Si
7.182,No
1.458,Si
3.148,Si
2.147,Si
4.641,Si
8.346,No
3.7,Si
5.129,No
0.339,Si
3.484,Si
1.503,Si
8.259,No
2.289,Si
6.327,No
1.127,Si
8.64,No
6.397,No
5.214,No
7.379,No
3.82,Si
9.652,No
7.056,No
0.058,Si
2.405,Si
4.197,Si
2.376,Si
2.763,Si
4.124,Si
1.839,Si
4.872,Si
5.115,No
1.276,Si
8.992,No
2.028,Si
8.948,No
0.648,Si
7.74,No
4.612,Si
3.431,Si
9.698,No
9.62,No
5.16,No
6.077,No
7.709,No
1.994,Si
6.925,No
4.847,Si
5.838,No
8.814,No
9.457,No
4.08,Si
1.334,Si
5.372,No
2.183,Si
3.47,Si
1.039,Si
1.573,Si
2.56,Si
7.575,No
3.869,Si
3.23,Si
9.305,No
5.845,No
4.246,Si
6.088,No
7.802,No
2.657,Si
6.24,No
8.512,No
7.465,No
8.017,No
1.008,Si
9.659,No
3.382,Si
7.029,No
1.518,Si
8.319,No
9.381,No
4.408,Si
1.031,Si
3.955,Si
6.646,No
3.354,Si
5.982,No
9.195,No
7.217,No
6.808,No
4.767,Si
8.3,No
9.897,No
7.915,No
1.761,Si
4.137,Si
0.343,Si
2.623,Si
2.583,Si
1.692,Si
6.966,No
4.53,Si
9.836,No
6.039,No
5.825,No
4.525,Si
6.326,No
6.481,No
4.436,Si
2.39,Si
7.758,No
7.018,No
3.314,Si
9.044,No
9.631,No
4.87,Si
1.566,Si
2.506,Si
2.173,Si
0.585,Si
6.12,No
7.779,No
8.181,No
9.849,No
2.8,Si
7.864,No
0.579,Si
3.258,Si
5.575,No
5.093,No
4.983,Si
6.83,No
4.66,Si
9.51,No
3.229,Si
4.446,Si
9.759,No
4.137,Si
7.31,No
9.287,No
8.699,No
1.122,Si
3.716,Si
7.625,No
1.955,Si
8.47,No
9.012,No
8.917,No
7.918,No
4.908,Si
8.799,No
2.767,Si
2.889,Si
7.839,No
6.303,No
4.873,Si
2.626,Si
1.682,Si
9.82,No
7.545,No
8.401,No
0.39,Si
5.166,No
4.24,Si
1.483,Si
0.112,Si
7.193,No
0.027,Si
6.351,No
1.195,Si
3.983,Si
8.371,No
0.506,Si
5.526,No
9.821,No
5.725,No
1.272,Si
6.874,No
4.077,Si
0.452,Si
4.455,Si
3.277,Si
1.261,Si
4.929,Si
4.489,Si
0.035,Si
6.026,No
3.563,Si
4.6,Si
1.323,Si
8.384,No
5.791,No
8.356,No
3.322,Si
7.839,No
0.179,Si
4.745,Si
4.347,Si
3.317,Si
3.894,Si
3.381,Si
5.496,No
9.631,No
7.157,No
2.673,Si
3.395,Si
7.956,No
0.762,Si
2.745,Si
9.707,No
7.435,No
9.939,No
5.978,No
7.373,No
6.679,No
3.755,Si
0.026,Si
6.406,No
3.446,Si
6.34,No
7.589,No
5.579,No
0.228,Si
5.329,No
6.155,No
2.392,Si
9.283,No
6.613,No
1.867,Si
0.204,Si
2.319,Si
8.523,No
3.249,Si
8.477,No
0.395,Si
2.203,Si
3.655,Si
4.85,Si
6.73,No
3.465,Si
4.785,Si
3.953,Si
2.784,Si
8.65,No
6.407,No
9.947,No
0.453,Si
1.697,Si
1.792,Si
8.449,No
2.157,Si
8.117,No
6.159,No
6.676,No
9.337,No
7.558,No
7.223,No
0.136,Si
0.416,Si
3.523,Si
8.047,No
9.087,No
0.378,Si
3.074,Si
9.65,No
4.862,Si
5.211,No
8.112,No
2.846,Si
3.456,Si
9.148,No
7.254,No
4.953,Si
7.231,No
0.452,Si
2.37,Si
6.008,No
6.165,No
2.602,Si
4.819,Si
5.229,No
2.025,Si
2.146,Si
1.973,Si
2.899,Si
2.73,Si
3.527,Si
5.125,No
6.924,No
7.956,No
8.277,No
0.716,Si
4.985,Si
6.489,No
3.303,Si
1.885,Si
8.828,No
2.688,Si
9.547,No
4.062,Si
2.118,Si
9.859,No
5.655,No
0.543,Si
3.165,Si
0.162,Si
8.472,No
9.333,No
2.038,Si
0.079,Si
8.234,No
4.942,Si
7.763,No
7.222,No
4.329,Si
6.253,No
7.475,No
1.342,Si
4.484,Si
2.628,Si
3.858,Si
2.511,Si
3.243,Si
6.771,No
0.965,Si
4.116,Si
3.004,Si
3.892,Si
4.483,Si
3.348,Si
4.716,Si
0.408,Si
9.238,No
6.006,No
0.589,Si
8.495,No
4.716,Si
2.664,Si
0.783,Si
6.527,No
5.824,No
1.465,Si
1.605,Si
4.141,Si
9.48,No
5.009,No
8.788,No
1.458,Si
8.531,No
0.67,Si
5.081,No
0.024,Si
7.238,No
8.389,No
3.449,Si
8.427,No
1.958,Si
6.067,No
4.588,Si
8.695,No
5.837,No
3.536,Si
9.876,No
9.544,No
8.372,No
0.901,Si
9.24,No
3.841,Si
3.381,Si
7.875,No
5.099,No
6.779,No
8.769,No
7.134,No
3.358,Si
1.643,Si
0.476,Si
9.749,No
1.489,Si
8.193,No
3.755,Si
8.997,No
1.228,Si
0.32,Si
2.957,Si
4.174,Si
5.793,No
5.058,No
6.463,No
5.128,No
4.028,Si
9.112,No
7.179,No
7.105,No
8.747,No
1.375,Si
1.829,Si
8.596,No
8.373,No
3.914,Si
1.199,Si
5.707,No
8.288,No
9.645,No
1.261,Si
6.614,No
6.384,No
5.324,No
0.856,Si
9.17,No
7.348,No
1.388,Si
1.652,Si
1.147,Si
8.453,No
6.44,No
7.873,No
8.602,No
8.229,No
3.07,Si
8.502,No
2.366,Si
7.737,No
5.125,No
2.056,Si
5.545,No
4.714,Si
5.598,No
2.944,Si
5.118,No
3.805,Si
1.987,Si
6.264,No
6.225,No
4.313,Si
4.84,Si
5.72,No
1.672,Si
9.929,No
0.925,Si
3.805,Si
1.872,Si
7.239,No
1.708,Si
2.153,Si
7.555,No
5.965,No
7.018,No
5.631,No
3.916,Si
9.962,No
2.191,Si
3.215,Si
8.149,No
0.208,Si
2.09,Si
4.577,Si
9.629,No
2.411,Si
5.184,No
3.549,Si
7.133,No
1.142,Si
1.827,Si
3.028,Si
3.416,Si
5.826,No
3.971,Si
8.261,No
0.221,Si
6.069,No
9.703,No
4.601,Si
5.179,No
1.53,Si
4.707,Si
3.968,Si
3.437,Si
8.837,No
2.443,Si
0.062,Si
6.619,No
5.192,No
6.46,No
9.255,No
8.201,No
7.155,No
6.48,No
3.413,Si
6.643,No
9.524,No
1.778,Si
9.189,No
4.593,Si
1.337,Si
8.288,No
3.528,Si
3.595,Si
4.788,Si
0.478,Si
8.786,No
3.259,Si
6.192,No
6.481,No
9.223,No
0.338,Si
0.236,Si
0.213,Si
5.454,No
5.323,No
6.562,No
2.47,Si
3.773,Si
2.49,Si
8.435,No
9.272,No
6.374,No
7.886,No
2.354,Si
1.856,Si
6.631,No
4.92,Si
7.984,No
4.853,Si
6.797,No
4.807,Si
8.775,No
0.369,Si
8.357,No
1.159,Si
2.335,Si
5.905,No
5.046,No
8.253,No
1.662,Si
7.061,No
1.966,Si
5.877,No
9.937,No
5.158,No
4.189,Si
7.925,No
6.201,No
9.461,No
9.392,No
2.656,Si
4.68,Si
0.814,Si
5.151,No
5.682,No
6.891,No
9.292,No
4.693,Si
3.911,Si
1.945,Si
5.072,No
0.931,Si
2.175,Si
6.28,No
1.231,Si
1.568,Si
6.335,No
5.177,No
7.642,No
7.969,No
7.115,No
5.179,No
4.804,Si
2.933,Si
1.662,Si
0.893,Si
7.686,No
2.938,Si
2.247,Si
6.939,No
1.127,Si
8.85,No
2.389,Si
3.112,Si
0.391,Si
0.862,Si
5.739,No
3.678,Si
2.875,Si
6.868,No
5.516,No
0.438,Si
8.867,No
8.96,No
9.884,No
5.652,No
4.689,Si
2.294,Si
6.132,No
6.42,No
4.903,Si
8.403,No
6.688,No
6.844,No
8.669,No
0.419,Si
4.14,Si
4.434,Si
7.503,No
7.815,No
1.625,Si
2.822,Si
8.963,No
0.207,Si
0.273,Si
3.663,Si
0.865,Si
1.695,Si
5.809,No
0.228,Si
6.774,No
3.184,Si
1.59,Si
8.415,No
4.046,Si
8.439,No
8.598,No
6.965,No
9.868,No
7.661,No
5.26,No
3.843,Si
4.57,Si
6.867,No
0.377,Si
6.816,No
5.718,No
7.088,No
4.984,Si
2.858,Si
9.169,No
1.631,Si
1.324,Si
0.287,Si
9.78,No
8.376,No
5.262,No
9.779,No
9.094,No
1.856,Si
0.257,Si
3.963,Si
3.835,Si
8.169,No
4.048,Si
7.947,No
3.541,Si
2.531,Si
3.06,Si
4.996,Si
5.174,No
6.697,No
7.805,No
4.549,Si
7.526,No
8.848,No
9.86,No
3.482,Si
3.912,Si
1.314,Si
9.0,No
7.871,No
1.936,Si
2.801,Si
0.398,Si
7.177,No
3.205,Si
6.809,No
1.655,Si
1.598,Si
8.453,No
6.884,No
4.416,Si
2.275,Si
5.8,No
6.026,No
8.392,No
1.34,Si
3.962,Si
3.299,Si
0.009,Si
9.976,No
4.796,Si
3.973,Si
4.938,Si
1.657,Si
3.511,Si
8.232,No
7.474,No
8.195,No
3.282,Si
4.306,Si
0.636,Si
7.836,No
6.191,No
0.511,Si
2.778,Si
4.364,Si
8.031,No
8.83,No
5.411,No
4.587,Si
9.591,No
8.181,No
5.104,No
2.855,Si
8.045,No
7.57,No
6.438,No
4.527,Si
2.115,Si
2.308,Si
9.697,No
7.48,No
2.221,Si
6.39,No
0.51,Si
4.559,Si
3.747,Si
1.969,Si
1.818,Si
7.632,No
9.204,No
5.982,No
4.415,Si
8.668,No
6.193,No
0.753,Si
3.882,Si
3.169,Si
8.81,No
1.185,Si
9.266,No
3.188,Si
3.647,Si
0.163,Si
2.11,Si
3.046,Si
4.358,Si
8.325,No
9.338,No
6.476,No
5.353,No
3.715,Si
8.362,No
8.291,No
4.934,Si
1.484,Si
8.867,No
2.806,Si
4.917,Si
3.859,Si
5.067,No
6.889,No
9.87,No
4.235,Si
8.553,No
3.792,Si
7.395,No
7.123,No
2.287,Si
8.82,No
5.612,No
6.589,No
4.83,Si
8.86,No
5.402,No
8.059,No
0.857,Si
4.549,Si
9.694,No
9.753,No
7.882,No
0.947,Si
3.963,Si
0.874,Si
9.584,No
7.026,No
9.796,No
9.755,No
3.66,Si
7.658,No
8.491,No
5.285,No
6.933,No
7.271,No
2.366,Si
3.002,Si
1.896,Si
6.315,No
2.89,Si
0.741,Si
0.609,Si
7.546,No
5.93,No
0.801,Si
6.794,No
8.035,No
0.338,Si
9.083,No
9.38,No
7.165,No
6.386,No
9.668,No
8.028,No
4.775,Si
3.577,Si
3.896,Si
4.458,Si
6.292,No
9.774,No
9.558,No
0.636,Si
4.772,Si
2.18,Si
3.658,Si
1.923,Si
6.757,No
4.693,Si
5.655,No
9.937,No
1.243,Si
0.109,Si
4.669,Si
9.024,No
0.771,Si
1.818,Si
9.868,No
2.413,Si
3.235,Si
8.549,No
3.864,Si
7.343,No
0.333,Si
9.732,No
4.664,Si
2.504,Si
6.25,No
9.296,No
0.806,Si
5.861,No
9.865,No
2.645,Si
9.511,No
1.958,Si
1.774,Si
0.851,Si
7.928,No
8.842,No
3.069,Si
7.473,No
1.87,Si
9.505,No
3.245,Si
8.536,No
3.443,Si
1.123,Si
5.947,No
5.297,No
3.532,Si
5.257,No
4.02,Si
8.162,No
2.313,Si
8.67,No
3.356,Si
7.905,No
9.292,No
6.8,No
9.62,No
0.96,Si
3.087,Si
5.402,No
7.359,No
1.551,Si
2.957,Si
3.449,Si
7.306,No
5.822,No
6.66,No
5.805,No
6.48,No
9.857,No
1.955,Si
7.959,No
5.152,No
5.477,No
0.929,Si
2.666,Si
5.834,No
3.176,Si
8.067,No
8.928,No
5.071,No
4.932,Si
6.76,No
6.435,No
0.23,Si
7.818,No
7.059,No
4.656,Si
0.584,Si
8.614,No
7.286,No
4.881,Si
1.033,Si
8.269,No
6.724,No
7.616,No
1.824,Si
1.965,Si
2.913,Si
8.565,No
0.346,Si
9.95,No
8.715,No
0.632,Si
8.286,No
7.223,No
3.093,Si
1.895,Si
1.152,Si
3.839,Si
4.309,Si
1.66,Si
7.054,No
6.947,No
4.326,Si
0.773,Si
5.51,No
1.131,Si
3.644,Si
5.125,No
2.34,Si
4.308,Si
6.597,No
2.209,Si
8.311,No
0.189,Si
9.853,No
3.49,Si
3.232,Si
8.915,No
9.75,No
7.558,No
5.875,No
1.671,Si
8.904,No
1.914,Si
6.975,No
9.532,No
4.813,Si
7.486,No
4.962,Si
3.088,Si
7.57,No
9.905,No
2.434,Si
3.99,Si
7.862,No
2.499,Si
0.217,Si
1.579,Si
9.01,No
6.13,No
1.633,Si
2.424,Si
8.769,No
4.369,Si
3.231,Si
4.628,Si
3.541,Si
3.652,Si
1.888,Si
0.506,Si
6.779,No
5.157,No
3.129,Si
6.65,No
0.258,Si
6.678,No
4.386,Si
6.997,No
1.571,Si
5.812,No
2.012,Si
2.074,Si
5.953,No
6.131,No
5.879,No
1.606,Si
3.704,Si
5.605,No
5.744,No
4.818,Si
9.93,No
0.178,Si
4.279,Si
7.726,No
4.178,Si
0.481,Si
6.16,No
0.177,Si
7.407,No
7.148,No
7.588,No
5.887,No
4.199,Si
9.089,No
4.428,Si
1.72,Si
2.215,Si
7.219,No
2.872,Si
0.342,Si
1.761,Si
3.06,Si
5.926,No
2.413,Si
9.066,No
3.035,Si
1.034,Si
3.807,Si
8.884,No
7.261,No
6.182,No
6.716,No
2.03,Si
6.382,No
6.645,No
0.918,Si
3.527,Si
9.917,No
0.442,Si
8.753,No
2.977,Si
5.921,No
1.402,Si
5.839,No
3.846,Si
4.986,Si
0.794,Si
2.493,Si
8.082,No
4.782,Si
8.097,No
0.177,Si
8.276,No
0.485,Si
5.082,No
9.378,No
6.428,No
8.155,No
3.82,Si
4.719,Si
9.867,No
4.284,Si
8.46,No
9.801,No
4.717,Si
7.662,No
0.298,Si
4.529,Si
1.856,Si
7.565,No
7.514,No
0.045,Si
3.003,Si
4.043,Si
4.566,Si
6.682,No
5.781,No
7.822,No
3.482,Si
6.867,No
2.215,Si
7.154,No
8.599,No
6.922,No
1.59,Si
3.572,Si
9.702,No
2.084,Si
6.393,No
6.555,No
5.867,No
9.752,No
1.438,Si
6.959,No
5.173,No
6.05,No
7.105,No
2.747,Si
7.311,No
9.228,No
9.072,No
8.378,No
0.381,Si
2.443,Si
0.671,Si
7.315,No
1.403,Si
0.195,Si
6.894,No
3.523,Si
8.896,No
5.924,No
7.425,No
2.427,Si
9.812,No
5.481,No
8.056,No
9.652,No
1.185,Si
2.593,Si
1.676,Si
7.169,No
0.08,Si
0.492,Si
9.462,No
3.938,Si
6.304,No
3.163,Si
7.198,No
1.225,Si
5.131,No
3.713,Si
1.604,Si
9.768,No
0.975,Si
8.45,No
6.472,No
5.38,No
7.158,No
7.894,No
5.963,No
0.021,Si
1.223,Si
6.36,No
6.122,No
4.669,Si
2.457,Si
2.719,Si
0.157,Si
8.346,No
4.19,Si
1.313,Si
2.057,Si
1.105,Si
6.811,No
2.471,Si
3.514,Si
2.992,Si
0.946,Si
1.708,Si
0.134,Si
1.481,Si
7.244,No
5.95,No
8.556,No
7.016,No
5.53,No
8.955,No
7.606,No
4.032,Si
7.065,No
3.385,Si
9.31,No
1.95,Si
9.612,No
7.916,No
9.207,No
0.276,Si
3.412,Si
7.398,No
4.004,Si
5.52,No
2.539,Si
8.662,No
8.466,No
5.059,No
8.687,No
4.134,Si
2.916,Si
2.251,Si
6.274,No
9.558,No
6.07,No
2.607,Si
1.269,Si
0.399,Si
1.934,Si
4.453,Si
8.683,No
5.443,No
9.181,No
7.797,No
1.888,Si
0.329,Si
5.757,No
9.013,No
1.815,Si
3.853,Si
4.731,Si
0.344,Si
6.667,No
7.299,No
8.817,No
4.139,Si
3.499,Si
2.233,Si
4.707,Si
1.037,Si
3.79,Si
3.049,Si
7.446,No
3.899,Si
7.91,No
9.029,No
2.493,Si
3.186,Si
0.61,Si
0.747,Si
2.7,Si
0.688,Si
6.719,No
2.14,Si
7.259,No
4.383,Si
0.035,Si
7.039,No
9.417,No
6.788,No
0.748,Si
0.759,Si
7.756,No
7.739,No
6.172,No
6.441,No
7.62,No
5.197,No
5.739,No
8.621,No
2.717,Si
7.771,No
8.312,No
0.769,Si
5.075,No
6.158,No
6.071,No
6.991,No
7.898,No
4.496,Si
1.446,Si
1.596,Si
0.429,Si
4.305,Si
8.894,No
3.733,Si
5.58,No
5.272,No
6.456,No
3.994,Si
7.7,No
8.658,No
4.829,Si
9.055,No
6.911,No
9.107,No
0.645,Si
5.194,No
3.64,Si
1.058,Si
3.71,Si
9.61,No
5.126,No
9.404,No
3.975,Si
7.729,No
5.687,No
8.928,No
6.171,No
5.703,No
1.54,Si
5.041,No
1.539,Si
4.613,Si
6.462,No
2.369,Si
6.104,No
0.442,Si
3.663,Si
8.976,No
7.165,No
9.528,No
5.972,No
9.505,No
9.486,No
8.527,No
3.649,Si
6.683,No
9.301,No
0.875,Si
6.501,No
6.519,No
0.433,Si
7.35,No
8.055,No
9.762,No
2.891,Si
0.58,Si
2.495,Si
8.351,No
2.534,Si
8.549,No
1.732,Si
9.276,No
2.791,Si
3.127,Si
8.295,No
7.511,No
9.664,No
2.34,Si
0.843,Si
5.094,No
6.591,No
2.28,Si
0.396,Si
3.39,Si
9.854,No
9.948,No
3.507,Si
3.766,Si
3.222,Si
0.465,Si
1.437,Si
5.962,No
5.67,No
0.185,Si
4.196,Si
0.53,Si
9.355,No
9.773,No
2.384,Si
3.819,Si
3.378,Si
4.127,Si
1.049,Si
6.845,No
5.742,No
7.207,No
8.702,No
6.273,No
8.234,No
3.837,Si
9.463,No
6.79,No
7.169,No
4.151,Si
3.215,Si
7.689,No
8.517,No
1.622,Si
0.932,Si
5.462,No
2.524,Si
2.385,Si
1.896,Si
6.578,No
6.388,No
5.688,No
0.238,Si
6.183,No
5.71,No
7.837,No
3.877,Si
8.693,No
3.175,Si
6.547,No
0.511,Si
0.652,Si
2.118,Si
4.123,Si
6.133,No
8.068,No
5.192,No
5.035,No
2.914,Si
0.678,Si
5.185,No
6.226,No
4.032,Si
3.4,Si
9.473,No
2.966,Si
3.744,Si
8.833,No
5.83,No
9.74,No
7.293,No
9.95,No
9.465,No
7.471,No
9.348,No
0.85,Si
3.965,Si
2.803,Si
0.675,Si
3.056,Si
4.854,Si
2.776,Si
5.182,No
8.249,No
9.539,No
2.757,Si
8.512,No
3.169,Si
9.184,No
0.22,Si
5.677,No
7.528,No
2.879,Si
8.65,No
0.346,Si
8.356,No
5.6,No
6.267,No
1.478,Si
8.707,No
4.93,Si
6.951,No
7.741,No
7.77,No
1.473,Si
1.239,Si
2.79,Si
3.328,Si
8.685,No
9.856,No
0.93,Si
9.918,No
5.655,No
2.064,Si
3.096,Si
5.655,No
2.918,Si
4.335,Si
6.765,No
2.687,Si
5.486,No
0.798,Si
9.246,No
0.412,Si
9.453,No
0.042,Si
7.412,No
4.654,Si
0.835,Si
0.33,Si
8.672,No
3.025,Si
3.192,Si
2.702,Si
3.167,Si
3.682,Si
4.634,Si
0.624,Si
0.218,Si
6.4,No
6.033,No
7.987,No
9.752,No
7.986,No
6.885,No
1.817,Si
0.442,Si
1.394,Si
1.894,Si
9.523,No
3.867,Si
0.613,Si
8.45,No
0.413,Si
6.751,No
7.874,No
8.024,No
7.261,No
8.707,No
3.037,Si
2.912,Si
6.03,No
7.348,No
2.374,Si
6.443,No
4.764,Si
1.501,Si
7.719,No
5.244,No
9.821,No
7.725,No
2.787,Si
9.326,No
3.647,Si
7.435,No
6.457,No
1.077,Si
5.725,No
4.139,Si
4.976,Si
8.463,No
0.511,Si
9.858,No
0.444,Si
1.037,Si
7.656,No
0.811,Si
1.946,Si
1.589,Si
3.06,Si
2.088,Si
0.251,Si
0.32,Si
7.406,No
3.262,Si
9.834,No
6.608,No
8.706,No
4.426,Si
4.08,Si
9.131,No
9.831,No
9.358,No
9.036,No
6.752,No
6.645,No
7.96,No
0.48,Si
1.4,Si
1.248,Si
4.921,Si
8.448,No
3.196,Si
2.629,Si
4.308,Si
1.401,Si
9.657,No
3.765,Si
4.878,Si
8.117,No
6.609,No
0.065,Si
6.25,No
4.277,Si
3.475,Si
2.616,Si
6.249,No
3.749,Si
9.435,No
2.236,Si
3.421,Si
8.782,No
7.824,No
5.543,No
8.05,No
6.845,No
5.574,No
8.951,No
1.857,Si
7.565,No
9.244,No
5.728,No
7.727,No
1.437,Si
6.964,No
1.267,Si
7.477,No
0.54,Si
7.674,No
6.179,No
3.681,Si
9.148,No
1.669,Si
2.121,Si
0.136,Si
1.408,Si
5.061,No
4.774,Si
4.942,Si
4.353,Si
3.156,Si
1.058,Si
4.312,Si
4.361,Si
3.478,Si
3.971,Si
6.066,No
4.668,Si
2.232,Si
4.406,Si
6.028,No
5.481,No
9.114,No
8.974,No
4.353,Si
2.122,Si
6.791,No
3.412,Si
7.432,No
8.516,No
2.929,Si
8.353,No
5.237,No
3.1,Si
5.982,No
2.784,Si
3.149,Si
6.675,No
2.996,Si
8.277,No
4.067,Si
7.502,No
6.12,No
7.026,No
4.93,Si
9.78,No
5.585,No
4.511,Si
0.263,Si
8.442,No
9.583,No
6.519,No
4.913,Si
3.277,Si
0.48,Si
4.742,Si
0.596,Si
4.904,Si
4.565,Si
5.998,No
6.44,No
7.827,No
8.234,No
8.859,No
0.795,Si
5.905,No
0.857,Si
1.567,Si
3.264,Si
9.087,No
1.768,Si
9.408,No
4.351,Si
4.028,Si
3.871,Si
1.278,Si
7.49,No
4.639,Si
4.649,Si
7.663,No
6.267,No
8.677,No
8.684,No
9.234,No
7.048,No
4.251,Si
9.589,No
9.05,No
7.522,No
0.452,Si
2.709,Si
7.165,No
3.03,Si
6.682,No
1.487,Si
5.417,No
6.87,No
0.585,Si
5.79,No
8.477,No
2.396,Si
6.511,No
8.462,No
4.806,Si
3.583,Si
3.83,Si
6.241,No
9.404,No
0.152,Si
5.969,No
1.758,Si
4.51,Si
1.988,Si
6.312,No
1.395,Si
9.119,No
9.17,No
5.694,No
1.259,Si
5.595,No
3.862,Si
0.298,Si
5.999,No
6.753,No
9.131,No
3.665,Si
0.141,Si
3.603,Si
6.556,No
8.356,No
6.985,No
7.166,No
6.575,No
9.884,No
5.591,No
3.475,Si
5.646,No
9.41,No
0.371,Si
3.459,Si
0.093,Si
4.613,Si
7.329,No
2.016,Si
2.067,Si
8.393,No
7.089,No
5.159,No
7.06,No
3.173,Si
9.32,No
0.037,Si
9.062,No
3.142,Si
2.367,Si
2.11,Si
8.503,No
3.945,Si
9.011,No
6.773,No
6.213,No
3.029,Si
7.923,No
6.061,No
7.155,No
0.073,Si
1.082,Si
1.59,Si
7.445,No
0.996,Si
6.427,No
8.958,No
6.797,No
6.783,No
5.447,No
3.898,Si
5.089,No
6.872,No
2.684,Si
0.875,Si
0.913,Si
1.348,Si
3.718,Si
0.412,Si
1.83,Si
8.943,No
8.113,No
1.106,Si
6.832,No
5.181,No
3.836,Si
6.433,No
7.073,No
6.266,No
0.053,Si
0.489,Si
5.808,No
8.636,No
1.837,Si
5.618,No
2.404,Si
6.942,No
8.053,No
4.039,Si
0.634,Si
8.071,No
1.618,Si
3.053,Si
5.802,No
9.881,No
9.676,No
7.193,No
1.714,Si
6.386,No
0.246,Si
4.071,Si
6.436,No
8.039,No
8.242,No
6.084,No
2.022,Si
9.636,No
4.225,Si
3.157,Si
9.218,No
5.252,No
1.496,Si
3.051,Si
1.82,Si
5.287,No
2.645,Si
8.286,No
4.165,Si
6.499,No
4.726,Si
1.276,Si
1.109,Si
7.076,No
6.335,No
9.34,No
8.924,No
2.429,Si
5.322,No
3.039,Si
9.223,No
8.131,No
9.958,No
7.618,No
9.788,No
1.633,Si
1.048,Si
3.801,Si
0.757,Si
2.559,Si
4.236,Si
6.529,No
5.542,No
5.029,No
4.558,Si
5.743,No
4.5,Si
6.04,No
0.048,Si
1.189,Si
7.054,No
7.076,No
8.999,No
2.51,Si
8.799,No
0.439,Si
9.926,No
6.011,No
9.947,No
6.704,No
9.58,No
3.714,Si
9.766,No
7.369,No
6.761,No
0.857,Si
3.574,Si
9.676,No
1.643,Si
1.832,Si
0.116,Si
9.651,No
2.058,Si
9.344,No
3.581,Si
5.196,No
9.197,No
0.989,Si
4.178,Si
8.566,No
0.044,Si
7.298,No
5.115,No
0.619,Si
9.258,No
2.301,Si
0.346,Si
8.347,No
0.647,Si
1.446,Si
8.878,No
1.406,Si
7.109,No
1.141,Si
6.397,No
4.399,Si
2.759,Si
1.492,Si
6.135,No
7.514,No
2.339,Si
2.42,Si
1.765,Si
9.501,No
9.162,No
5.971,No
8.634,No
1.864,Si
9.878,No
0.704,Si
4.219,Si
8.984,No
2.749,Si
8.706,No
1.901,Si
3.668,Si
4.158,Si
6.696,No
3.91,Si
3.513,Si
1.897,Si
5.985,No
7.628,No
9.587,No
6.509,No
3.267,Si
4.842,Si
4.8,Si
1.227,Si
2.533,Si
6.269,No
7.9,No
2.041,Si
5.865,No
6.812,No
0.452,Si
9.571,No
7.843,No
6.327,No
4.182,Si
0.176,Si
7.239,No
0.649,Si
5.484,No
5.592,No
8.221,No
0.516,Si
5.459,No
0.016,Si
5.099,No
3.069,Si
9.08,No
7.889,No
1.075,Si
7.495,No
1.116,Si
2.196,Si
8.04,No
6.942,No
2.343,Si
5.571,No
1.04,Si
9.71,No
0.811,Si
1.38,Si
6.887,No
8.097,No
9.233,No
4.59,Si
2.599,Si
6.381,No
9.693,No
3.947,Si
2.85,Si
4.71,Si
0.694,Si
2.949,Si
6.235,No
8.247,No
4.48,Si
3.968,Si
0.569,Si
4.022,Si
2.764,Si
9.282,No
6.38,No
7.304,No
2.838,Si
8.768,No
5.855,No
4.057,Si
8.003,No
0.164,Si
0.673,Si
2.102,Si
0.062,Si
6.559,No
8.092,No
2.036,Si
7.74,No
5.197,No
6.538,No
3.213,Si
5.668,No
5.066,No
6.663,No
3.46,Si
9.27,No
9.199,No
9.009,No
4.222,Si
6.344,No
7.084,No
4.739,Si
7.0,No
1.11,Si
0.995,Si
5.529,No
3.597,Si
8.29,No
8.851,No
9.103,No
6.069,No
0.609,Si
6.603,No
3.227,Si
1.712,Si
9.692,No
4.409,Si
1.222,Si
5.901,No
9.546,No
6.168,No
7.769,No
9.808,No
4.629,Si
9.299,No
9.499,No
0.663,Si
3.102,Si
9.271,No
8.248,No
8.442,No
0.473,Si
4.332,Si
4.98,Si
4.402,Si
5.034,No
9.617,No
7.048,No
2.949,Si
2.678,Si
7.042,No
7.571,No
9.932,No
1.363,Si
8.195,No
9.313,No
5.835,No
7.067,No
9.646,No
6.295,No
2.864,Si
1.868,Si
0.911,Si
2.817,Si
0.374,Si
8.593,No
5.669,No
1.057,Si
8.05,No
7.04,No
8.628,No
7.339,No
0.818,Si
9.24,No
6.155,No
0.7,Si
8.538,No
0.202,Si
5.934,No
9.143,No
6.649,No
5.233,No
0.702,Si
5.59,No
1.473,Si
9.862,No
6.559,No
2.015,Si
3.871,Si
2.308,Si
1.375,Si
8.36,No
8.88,No
9.38,No
0.053,Si
0.281,Si
6.693,No
0.987,Si
8.452,No
3.239,Si
1.334,Si
7.089,No
1.379,Si
4.828,Si
6.743,No
4.12,Si
7.626,No
0.7,Si
4.16,Si
1.408,Si
8.417,No
9.141,No
8.675,No
8.625,No
9.653,No
7.668,No
2.591,Si
1.227,Si
5.641,No
1.755,Si
6.718,No
2.907,Si
3.676,Si
3.32,Si
1.086,Si
4.803,Si
5.229,No
5.767,No
3.063,Si
5.875,No
6.194,No
1.34,Si
7.248,No
3.236,Si
9.257,No
4.053,Si
0.661,Si
5.672,No
5.549,No
4.371,Si
5.765,No
2.881,Si
3.61,Si
2.036,Si
5.599,No
8.153,No
1.553,Si
5.873,No
1.259,Si
1.389,Si
2.123,Si
9.1,No
9.287,No
9.765,No
8.31,No
5.772,No
8.787,No
2.088,Si
1.246,Si
8.854,No
3.289,Si
3.841,Si
6.329,No
0.161,Si
2.2,Si
9.293,No
9.331,No
6.404,No
8.349,No
3.487,Si
4.729,Si
4.908,Si
7.798,No
3.058,Si
0.882,Si
8.067,No
6.033,No
3.057,Si
9.362,No
6.243,No
6.517,No
6.795,No
1.994,Si
9.859,No
6.633,No
5.693,No
1.126,Si
6.098,No
2.292,Si
1.715,Si
2.961,Si
2.153,Si
6.144,No
4.449,Si
6.085,No
1.035,Si
2.974,Si
3.978,Si
0.811,Si
6.679,No
2.237,Si
1.852,Si
9.865,No
3.549,Si
6.826,No
9.718,No
7.919,No
2.432,Si
9.971,No
3.737,Si
4.144,Si
3.462,Si
6.816,No
8.536,No
9.451,No
0.286,Si
5.571,No
2.788,Si
7.699,No
2.68,Si
2.688,Si
6.311,No
0.444,Si
3.024,Si
1.833,Si
3.595,Si
3.238,Si
7.347,No
9.181,No
1.396,Si
6.036,No
2.989,Si
6.945,No
5.765,No
3.02,Si
6.583,No
7.662,No
4.952,Si
8.619,No
4.322,Si
9.699,No
1.8,Si
8.969,No
8.292,No
5.851,No
7.286,No
4.407,Si
7.176,No
1.684,Si
5.033,No
9.253,No
5.553,No
5.593,No
6.297,No
8.889,No
6.205,No
8.665,No
5.945,No
6.795,No
4.104,Si
3.791,Si
7.617,No
5.234,No
0.479,Si
1.321,Si
6.062,No
8.282,No
4.553,Si
9.28,No
3.9,Si
1.385,Si
5.106,No
5.047,No
6.658,No
8.164,No
0.89,Si
9.24,No
9.924,No
5.191,No
6.425,No
7.001,No
9.99,No
3.757,Si
4.047,Si
7.848,No
4.596,Si
4.262,Si
7.515,No
8.364,No
8.487,No
4.337,Si
4.382,Si
4.438,Si
0.729,Si
4.041,Si
7.584,No
5.519,No
9.594,No
6.721,No
2.039,Si
3.878,Si
1.374,Si
4.512,Si
8.556,No
7.499,No
8.647,No
0.887,Si
3.586,Si
0.624,Si
9.795,No
7.463,No
5.352,No
7.177,No
6.359,No
9.522,No
0.087,Si
5.57,No
1.321,Si
7.472,No
1.224,Si
7.382,No
4.675,Si
7.082,No
4.126,Si
4.152,Si
7.084,No
9.311,No
2.344,Si
9.209,No
9.256,No
1.598,Si
2.906,Si
7.774,No
2.646,Si
1.885,Si
1.341,Si
8.428,No
2.885,Si
2.15,Si
7.637,No
4.886,Si
9.687,No
0.289,Si
1.159,Si
7.401,No
1.999,Si
6.892,No
5.42,No
7.279,No
5.52,No
6.419,No
4.355,Si
4.144,Si
8.801,No
6.926,No
7.516,No
2.741,Si
3.24,Si
0.57,Si
7.454,No
5.077,No
3.687,Si
6.282,No
5.163,No
3.947,Si
2.43,Si
6.465,No
3.251,Si
0.173,Si
3.186,Si
4.564,Si
0.873,Si
6.217,No
7.614,No
6.251,No
6.543,No
2.691,Si
2.173,Si
9.023,No
9.969,No
0.916,Si
2.331,Si
5.166,No
7.281,No
6.185,No
7.708,No
3.045,Si
8.65,No
0.783,Si
9.401,No
0.175,Si
2.227,Si
4.014,Si
5.255,No
3.58,Si
3.816,Si
5.048,No
7.864,No
1.554,Si
1.323,Si
1.689,Si
3.221,Si
9.598,No
3.224,Si
6.118,No
5.767,No
2.327,Si
6.549,No
5.644,No
2.963,Si
1.18,Si
8.976,No
5.858,No
5.229,No
5.581,No
6.134,No
8.135,No
6.824,No
0.952,Si
2.618,Si
3.669,Si
1.356,Si
0.469,Si
6.17,No
4.083,Si
5.918,No
6.936,No
1.964,Si
2.042,Si
9.739,No
1.694,Si
6.588,No
6.956,No
2.198,Si
2.878,Si
7.368,No
1.759,Si
8.897,No
9.488,No
3.033,Si
9.441,No
3.2,Si
0.436,Si
0.221,Si
5.187,No
6.199,No
8.607,No
7.035,No
5.298,No
4.155,Si
1.086,Si
0.225,Si
1.7,Si
9.956,No
8.007,No
4.482,Si
9.735,No
3.393,Si
1.185,Si
7.47,No
0.16,Si
7.071,No
7.595,No
5.782,No
7.02,No
6.668,No
1.652,Si
1.895,Si
7.613,No
0.529,Si
9.038,No
1.627,Si
4.692,Si
5.317,No
2.418,Si
7.641,No
3.784,Si
2.423,Si
1.206,Si
1.177,Si
6.949,No
8.158,No
5.686,No
1.254,Si
0.678,Si
8.689,No
0.606,Si
3.796,Si
9.905,No
2.303,Si
6.724,No
2.111,Si
0.128,Si
5.411,No
7.661,No
1.079,Si
3.623,Si
2.318,Si
9.302,No
4.663,Si
7.785,No
1.954,Si
3.797,Si
1.897,Si
4.643,Si
4.648,Si
2.347,Si
5.171,No
8.096,No
7.483,No
8.186,No
7.221,No
5.867,No
8.994,No
7.918,No
4.546,Si
0.384,Si
3.531,Si
2.525,Si
6.385,No
0.923,Si
9.099,No
9.978,No
0.895,Si
2.707,Si
8.993,No
9.5,No
0.216,Si
5.357,No
7.024,No
1.246,Si
9.604,No
8.521,No
4.008,Si
4.933,Si
0.093,Si
2.518,Si
7.121,No
5.183,No
0.58,Si
7.018,No
3.537,Si
0.062,Si
7.909,No
0.426,Si
3.509,Si
8.8,No
4.019,Si
2.461,Si
4.391,Si
1.144,Si
5.269,No
7.419,No
1.316,Si
1.386,Si
0.197,Si
5.046,No
4.4,Si
7.291,No
8.726,No
5.501,No
6.137,No
0.254,Si
3.913,Si
8.352,No
6.446,No
8.692,No
7.28,No
5.344,No
6.535,No
4.943,Si
0.826,Si
5.745,No
5.339,No
7.289,No
7.467,No
0.872,Si
7.051,No
9.415,No
1.09,Si
0.79,Si
5.119,No
0.956,Si
8.753,No
9.343,No
3.657,Si
4.748,Si
0.901,Si
3.932,Si
0.929,Si
6.668,No
8.087,No
9.628,No
5.825,No
7.172,No
9.097,No
9.284,No
4.481,Si
3.196,Si
4.834,Si
5.696,No
9.366,No
7.855,No
0.774,Si
9.528,No
9.916,No
5.371,No
5.06,No
9.303,No
1.466,Si
7.597,No
4.766,Si
6.133,No
2.837,Si
4.617,Si
5.122,No
1.224,Si
9.458,No
2.89,Si
7.331,No
7.692,No
5.592,No
2.669,Si
3.112,Si
7.465,No
3.68,Si
8.224,No
9.29,No
8.534,No
8.123,No
0.281,Si
8.243,No
5.469,No
3.372,Si
1.67,Si
9.749,No
6.88,No
6.865,No
9.905,No
9.186,No
2.065,Si
5.406,No
4.744,Si
2.855,Si
3.013,Si
4.717,Si
7.324,No
1.96,Si
2.401,Si
8.938,No
8.277,No
7.099,No
3.831,Si
3.247,Si
3.499,Si
3.426,Si
1.468,Si
4.893,Si
1.412,Si
9.856,No
1.971,Si
5.191,No
4.292,Si
7.863,No
5.098,No
4.991,Si
2.532,Si
9.617,No
5.787,No
1.768,Si
9.292,No
2.022,Si
3.4,Si
2.036,Si
8.407,No
4.897,Si
8.392,No
7.581,No
0.248,Si
5.092,No
1.411,Si
2.986,Si
2.286,Si
7.402,No
8.124,No
7.609,No
9.251,No
4.013,Si
5.764,No
6.726,No
4.73,Si
5.248,No
3.348,Si
2.94,Si
6.946,No
6.859,No
9.621,No
4.241,Si
4.806,Si
0.536,Si
4.414,Si
3.364,Si
4.839,Si
0.108,Si
2.403,Si
6.444,No
1.669,Si
8.856,No
1.713,Si
2.29,Si
0.723,Si
6.431,No
1.239,Si
0.39,Si
4.907,Si
8.576,No
6.177,No
0.879,Si
2.525,Si
9.19,No
6.705,No
1.429,Si
0.989,Si
9.866,No
0.242,Si
5.389,No
5.633,No
7.098,No
3.453,Si
9.356,No
5.199,No
3.002,Si
7.042,No
4.537,Si
7.707,No
2.877,Si
9.498,No
2.689,Si
3.582,Si
8.567,No
0.687,Si
1.005,Si
9.157,No
9.332,No
2.679,Si
1.311,Si
3.896,Si
6.25,No
3.737,Si
6.425,No
6.727,No
4.494,Si
6.042,No
5.306,No
9.283,No
9.131,No
8.948,No
5.045,No
7.759,No
6.247,No
1.066,Si
3.57,Si
8.455,No
0.686,Si
1.205,Si
2.668,Si
7.35,No
1.368,Si
8.827,No
3.125,Si
5.604,No
6.324,No
0.063,Si
4.278,Si
5.961,No
8.907,No
7.242,No
1.026,Si
5.608,No
1.495,Si
8.332,No
0.311,Si
2.147,Si
7.789,No
5.854,No
6.477,No
3.291,Si
5.936,No
0.077,Si
0.208,Si
2.049,Si
9.968,No
3.996,Si
5.491,No
2.058,Si
3.939,Si
4.498,Si
4.506,Si
6.52,No
4.657,Si
3.01,Si
6.1,No
8.948,No
3.854,Si
8.097,No
7.644,No
5.398,No
7.278,No
3.17,Si
1.692,Si
6.469,No
5.826,No
4.087,Si
0.548,Si
5.344,No
6.214,No
0.297,Si
5.715,No
4.578,Si
3.296,Si
0.259,Si
3.506,Si
2.285,Si
2.913,Si
0.166,Si
6.175,No
4.402,Si
6.243,No
0.196,Si
2.003,Si
4.291,Si
1.672,Si
2.471,Si
6.166,No
1.058,Si
5.876,No
9.701,No
7.081,No
8.197,No
0.607,Si
9.861,No
8.324,No
3.138,Si
9.232,No
8.009,No
0.379,Si
5.967,No
4.046,Si
1.759,Si
4.545,Si
4.276,Si
0.982,Si
8.914,No
3.69,Si
4.921,Si
2.998,Si
7.009,No
5.572,No
1.011,Si
1.711,Si
7.391,No
2.858,Si
6.104,No
6.036,No
3.382,Si
0.403,Si
7.803,No
7.944,No
6.775,No
0.73,Si
3.309,Si
4.391,Si
4.51,Si
6.027,No
2.614,Si
5.2,No
6.238,No
7.369,No
8.737,No
2.305,Si
8.666,No
4.688,Si
1.722,Si
1.452,Si
3.522,Si
5.545,No
3.667,Si
0.517,Si
5.875,No
5.069,No
7.639,No
4.245,Si
3.559,Si
7.941,No
4.046,Si
5.574,No
0.247,Si
8.24,No
1.514,Si
9.56,No
5.303,No
1.357,Si
9.028,No
6.826,No
3.283,Si
6.955,No
3.118,Si
2.322,Si
6.594,No
5.059,No
2.604,Si
6.877,No
4.115,Si
2.655,Si
8.321,No
2.961,Si
2.846,Si
7.251,No
7.793,No
1.924,Si
8.756,No
1.038,Si
0.984,Si
6.066,No
2.539,Si
5.92,No
0.216,Si
7.932,No
3.755,Si
8.045,No
0.255,Si
0.848,Si
4.92,Si
6.268,No
3.527,Si
3.708,Si
9.794,No
5.633,No
5.595,No
0.589,Si
5.944,No
6.07,No
2.946,Si
4.912,Si
5.161,No
5.247,No
2.841,Si
4.572,Si
9.896,No
9.052,No
1.213,Si
3.641,Si
4.866,Si
7.12,No
9.588,No
1.778,Si
1.562,Si
2.726,Si
0.809,Si
0.409,Si
2.826,Si
1.513,Si
1.085,Si
5.018,No
0.704,Si
2.74,Si
0.301,Si
4.319,Si
8.463,No
3.223,Si
7.138,No
0.182,Si
6.902,No
8.538,No
5.742,No
7.742,No
7.564,No
4.908,Si
8.175,No
3.526,Si
0.775,Si
1.439,Si
2.606,Si
1.061,Si
6.486,No
9.312,No
5.528,No
2.628,Si
2.702,Si
9.471,No
0.578,Si
4.099,Si
0.034,Si
5.123,No
1.155,Si
4.742,Si
2.47,Si
1.941,Si
8.847,No
6.409,No
0.167,Si
0.219,Si
7.739,No
1.119,Si
0.433,Si
3.405,Si
4.273,Si
4.655,Si
8.708,No
1.061,Si
6.741,No
8.043,No
9.796,No
8.122,No
2.205,Si
5.28,No
3.856,Si
4.264,Si
8.93,No
1.062,Si
1.851,Si
5.545,No
6.629,No
8.472,No
8.421,No
2.645,Si
8.173,No
4.753,Si
4.937,Si
9.335,No
7.675,No
3.821,Si
9.673,No
6.086,No
6.322,No
9.405,No
1.62,Si
6.646,No
8.775,No
1.692,Si
7.489,No
2.632,Si
0.776,Si
1.006,Si
0.16,Si
3.856,Si
4.642,Si
0.218,Si
5.736,No
9.051,No
7.655,No
9.047,No
3.881,Si
0.284,Si
6.533,No
6.08,No
7.325,No
0.656,Si
0.11,Si
6.593,No
4.19,Si
4.777,Si
3.868,Si
8.397,No
5.011,No
7.82,No
1.933,Si
9.086,No
1.637,Si
8.315,No
7.143,No
8.96,No
5.184,No
1.652,Si
3.508,Si
6.261,No
7.795,No
9.364,No
7.299,No
9.67,No
9.386,No
9.959,No
2.637,Si
4.641,Si
4.39,Si
5.313,No
0.228,Si
1.011,Si
5.919,No
4.561,Si
9.518,No
5.185,No
1.071,Si
8.293,No
5.212,No
0.131,Si
4.693,Si
1.605,Si
1.519,Si
0.434,Si
9.78,No
2.609,Si
2.41,Si
9.807,No
5.086,No
2.7,Si
9.944,No
2.594,Si
3.92,Si
1.585,Si
3.669,Si
1.276,Si
2.4,Si
3.001,Si
3.087,Si
5.635,No
3.577,Si
4.262,Si
6.203,No
0.556,Si
3.457,Si
7.037,No
7.316,No
6.961,No
2.9,Si
3.698,Si
6.126,No
5.75,No
6.22,No
5.929,No
2.1,Si
9.35,No
9.845,No
5.128,No
1.789,Si
5.865,No
2.429,Si
6.457,No
9.714,No
2.702,Si
3.503,Si
6.004,No
2.954,Si
6.742,No
3.341,Si
6.001,No
0.088,Si
4.615,Si
9.739,No
0.496,Si
4.254,Si
0.291,Si
4.637,Si
7.895,No
4.62,Si
5.455,No
3.783,Si
7.981,No
1.259,Si
4.937,Si
8.257,No
3.683,Si
5.383,No
6.016,No
7.297,No
5.423,No
3.65,Si
5.583,No
1.217,Si
5.517,No
8.959,No
8.716,No
6.005,No
8.573,No
5.847,No
2.187,Si
1.615,Si
9.63,No
2.574,Si
0.033,Si
5.288,No
3.239,Si
0.373,Si
3.3,Si
0.961,Si
1.917,Si
7.399,No
8.484,No
8.735,No
6.543,No
3.035,Si
2.618,Si
7.152,No
8.35,No
9.429,No
4.792,Si
8.066,No
9.024,No
0.653,Si
1.079,Si
2.644,Si
0.53,Si
2.075,Si
0.399,Si
1.937,Si
1.516,Si
1.086,Si
1.839,Si
7.681,No
9.295,No
4.753,Si
0.987,Si
9.328,No
7.799,No
2.77,Si
8.935,No
4.584,Si
2.236,Si
5.318,No
3.683,Si
7.248,No
4.779,Si
5.221,No
2.85,Si
5.215,No
0.049,Si
2.432,Si
0.534,Si
1.5,Si
0.081,Si
0.75,Si
6.677,No
0.393,Si
1.269,Si
7.334,No
5.839,No
7.935,No
1.259,Si
5.291,No
2.68,Si
5.789,No
3.912,Si
2.373,Si
5.368,No
8.315,No
0.353,Si
1.29,Si
4.741,Si
2.658,Si
5.637,No
5.142,No
3.945,Si
6.099,No
3.411,Si
4.176,Si
6.41,No
2.799,Si
0.825,Si
8.408,No
4.316,Si
4.587,Si
0.321,Si
6.268,No
0.051,Si
3.128,Si
5.701,No
2.627,Si
9.3,No
6.489,No
0.272,Si
0.07,Si
3.126,Si
3.642,Si
7.868,No
7.48,No
4.853,Si
7.334,No
1.577,Si
2.468,Si
9.005,No
2.428,Si
8.16,No
9.58,No
1.756,Si
4.301,Si
6.858,No
2.316,Si
6.852,No
5.193,No
2.421,Si
5.914,No
0.866,Si
7.043,No
0.413,Si
8.577,No
2.828,Si
6.511,No
7.01,No
8.38,No
1.274,Si
3.806,Si
4.714,Si
0.981,Si
6.851,No
9.454,No
2.675,Si
3.63,Si
5.453,No
5.201,No
8.667,No
1.346,Si
1.392,Si
1.088,Si
2.241,Si
3.851,Si
3.199,Si
5.851,No
0.392,Si
9.956,No
5.981,No
3.664,Si
8.654,No
9.437,No
7.284,No
9.256,No
9.9,No
9.862,No
1.061,Si
9.321,No
9.758,No
2.045,Si
9.1,No
7.274,No
4.64,Si
3.87,Si
7.095,No
4.179,Si
5.201,No
7.647,No
8.969,No
8.24,No
9.215,No
4.147,Si
8.694,No
8.028,No
0.524,Si
1.789,Si
7.105,No
2.499,Si
8.231,No
3.355,Si
7.82,No
1.595,Si
1.485,Si
7.546,No
2.563,Si
8.106,No
9.478,No
6.191,No
4.368,Si
9.183,No
9.981,No
6.039,No
8.507,No
3.967,Si
9.243,No
6.434,No
7.912,No
9.919,No
4.898,Si
1.816,Si
3.423,Si
7.262,No
1.595,Si
4.633,Si
9.042,No
7.155,No
0.384,Si
4.41,Si
8.752,No
7.991,No
1.228,Si
7.168,No
5.973,No
6.178,No
3.453,Si
5.664,No
4.034,Si
6.37,No
2.043,Si
9.188,No
6.053,No
4.339,Si
2.178,Si
5.481,No
6.822,No
8.837,No
4.453,Si
7.316,No
2.311,Si
9.34,No
2.751,Si
5.942,No
7.072,No
1.295,Si
0.779,Si
0.916,Si
7.868,No
5.761,No
2.015,Si
1.783,Si
1.95,Si
4.821,Si
5.555,No
0.964,Si
1.443,Si
0.312,Si
4.486,Si
2.316,Si
9.082,No
4.962,Si
2.112,Si
1.072,Si
9.305,No
4.099,Si
9.251,No
1.259,Si
6.778,No
3.312,Si
6.304,No
6.617,No
9.309,No
1.778,Si
7.188,No
0.762,Si
7.221,No
2.393,Si
7.34,No
2.418,Si
0.854,Si
4.411,Si
8.213,No
7.811,No
0.106,Si
8.568,No
9.296,No
4.933,Si
6.022,No
0.108,Si
5.135,No
2.501,Si
7.681,No
6.282,No
0.021,Si
7.498,No
3.137,Si
9.83,No
7.166,No
3.759,Si
4.685,Si
7.134,No
7.207,No
8.162,No
2.983,Si
7.059,No
4.497,Si
8.908,No
4.935,Si
1.403,Si
6.567,No
3.509,Si
2.701,Si
2.722,Si
6.037,No
9.516,No
7.801,No
6.131,No
3.147,Si
9.333,No
1.349,Si
9.347,No
0.969,Si
5.132,No
1.041,Si
6.668,No
6.087,No
3.888,Si
5.563,No
0.871,Si
4.146,Si
8.708,No
5.739,No
2.596,Si
8.007,No
0.461,Si
2.259,Si
7.433,No
8.011,No
1.944,Si
4.487,Si
4.616,Si
3.194,Si
5.15,No
7.427,No
8.151,No
0.661,Si
4.407,Si
8.639,No
3.735,Si
1.284,Si
6.876,No
2.875,Si
7.286,No
0.515,Si
9.488,No
2.783,Si
5.496,No
1.149,Si
3.528,Si
2.304,Si
3.87,Si
0.211,Si
2.987,Si
2.609,Si
7.062,No
5.76,No
1.172,Si
8.807,No
2.043,Si
8.756,No
3.799,Si
6.724,No
9.432,No
8.703,No
9.718,No
0.815,Si
3.933,Si
1.797,Si
0.748,Si
8.854,No
4.107,Si
7.882,No
6.439,No
6.904,No
0.653,Si
1.775,Si
2.885,Si
3.876,Si
4.908,Si
5.469,No
5.472,No
5.829,No
7.132,No
9.975,No
5.199,No
1.514,Si
3.389,Si
4.113,Si
5.295,No
5.137,No
6.14,No
7.084,No
8.281,No
1.765,Si
9.683,No
6.024,No
3.194,Si
9.326,No
8.488,No
3.03,Si
7.793,No
8.675,No
0.855,Si
8.353,No
4.121,Si
2.824,Si
3.205,Si
0.799,Si
6.011,No
6.366,No
7.056,No
1.612,Si
5.144,No
4.564,Si
8.711,No
8.099,No
2.851,Si
5.049,No
2.791,Si
9.043,No
6.809,No
5.483,No
0.87,Si
6.24,No
7.4,No
9.558,No
7.644,No
9.778,No
5.103,No
4.402,Si
8.663,No
1.42,Si
1.953,Si
3.41,Si
5.859,No
9.773,No
0.341,Si
8.683,No
8.517,No
7.31,No
7.571,No
0.199,Si
6.167,No
2.307,Si
9.632,No
4.637,Si
7.702,No
3.749,Si
8.664,No
6.826,No
8.822,No
9.647,No
5.025,No
0.396,Si
9.767,No
7.62,No
2.074,Si
5.168,No
0.472,Si
1.533,Si
9.943,No
4.232,Si
6.7,No
2.17,Si
2.414,Si
3.771,Si
8.866,No
2.784,Si
5.985,No
6.063,No
1.793,Si
8.695,No
5.567,No
6.505,No
5.204,No
7.391,No
9.951,No
3.048,Si
9.507,No
4.373,Si
1.822,Si
4.07,Si
8.551,No
5.983,No
3.752,Si
2.952,Si
2.618,Si
0.493,Si
3.036,Si
9.202,No
2.328,Si
6.444,No
5.116,No
3.599,Si
0.616,Si
0.398,Si
2.456,Si
0.488,Si
6.05,No
2.511,Si
9.713,No
4.223,Si
7.244,No
1.972,Si
3.123,Si
9.588,No
3.45,Si
2.728,Si
2.027,Si
3.086,Si
9.326,No
4.979,Si
3.965,Si
7.85,No
2.8,Si
0.575,Si
2.583,Si
8.755,No
0.096,Si
8.269,No
6.274,No
7.75,No
9.157,No
4.326,Si
3.009,Si
3.394,Si
6.775,No
7.546,No
3.019,Si
0.855,Si
6.228,No
8.479,No
9.341,No
8.698,No
1.221,Si
0.261,Si
1.241,Si
0.768,Si
6.842,No
9.832,No
2.7,Si
7.377,No
2.625,Si
7.102,No
5.18,No
6.235,No
7.078,No
7.034,No
0.714,Si
3.011,Si
1.794,Si
9.784,No
3.292,Si
6.85,No
9.926,No
7.596,No
7.529,No
2.516,Si
0.535,Si
0.201,Si
9.26,No
1.899,Si
0.073,Si
8.274,No
8.317,No
9.342,No
0.095,Si
3.608,Si
7.125,No
7.787,No
2.735,Si
5.085,No
3.006,Si
9.76,No
1.175,Si
2.898,Si
5.086,No
0.374,Si
4.916,Si
1.854,Si
5.37,No
1.664,Si
4.724,Si
6.331,No
9.862,No
0.523,Si
3.893,Si
3.861,Si
5.479,No
5.443,No
2.716,Si
4.979,Si
2.089,Si
6.134,No
7.596,No
0.39,Si
8.12,No
8.546,No
0.668,Si
7.256,No
8.283,No
2.264,Si
2.614,Si
4.943,Si
4.196,Si
9.203,No
7.931,No
6.332,No
1.898,Si
7.643,No
8.125,No
2.129,Si
5.061,No
7.053,No
4.885,Si
1.826,Si
1.808,Si
8.443,No
2.402,Si
8.487,No
6.196,No
9.844,No
0.346,Si
2.045,Si
8.879,No
4.85,Si
3.098,Si
7.45,No
8.508,No
4.308,Si
4.944,Si
6.978,No
8.64,No
8.312,No
3.015,Si
2.439,Si
9.966,No
4.276,Si
1.644,Si
9.0,No
1.361,Si
6.512,No
0.286,Si
8.084,No
3.331,Si
3.23,Si
4.783,Si
7.122,No
8.628,No
6.175,No
6.526,No
2.252,Si
1.413,Si
0.125,Si
9.071,No
3.024,Si
5.877,No
3.384,Si
2.771,Si
3.408,Si
8.304,No
7.496,No
8.122,No
7.861,No
7.811,No
9.213,No
6.356,No
0.028,Si
8.524,No
5.834,No
7.715,No
7.065,No
0.79,Si
7.586,No
8.328,No
4.008,Si
5.096,No
1.38,Si
5.562,No
1.623,Si
2.504,Si
2.771,Si
6.172,No
6.469,No
2.557,Si
8.479,No
7.144,No
5.593,No
8.931,No
9.79,No
2.999,Si
2.486,Si
2.692,Si
4.875,Si
1.965,Si
5.037,No
6.954,No
8.595,No
1.22,Si
7.687,No
4.346,Si
8.304,No
9.097,No
1.349,Si
6.673,No
5.15,No
1.756,Si
9.726,No
6.157,No
7.659,No
4.609,Si
6.909,No
1.807,Si
7.655,No
6.915,No
2.984,Si
6.802,No
9.67,No
8.803,No
4.234,Si
6.083,No
1.702,Si
0.823,Si
1.109,Si
1.223,Si
2.693,Si
1.058,Si
4.881,Si
5.51,No
9.024,No
7.141,No
6.317,No
6.624,No
2.293,Si
1.183,Si
7.189,No
0.816,Si
3.186,Si
3.624,Si
7.393,No
1.946,Si
9.541,No
5.339,No
7.076,No
1.791,Si
2.416,Si
5.142,No
9.956,No
6.15,No
7.638,No
0.379,Si
8.108,No
8.374,No
1.497,Si
6.125,No
6.738,No
2.975,Si
3.439,Si
4.702,Si
3.233,Si
1.508,Si
4.497,Si
0.76,Si
6.015,No
4.438,Si
8.762,No
1.411,Si
4.019,Si
8.739,No
9.036,No
3.111,Si
9.823,No
5.394,No
4.446,Si
4.356,Si
8.803,No
9.026,No
3.389,Si
3.304,Si
8.04,No
9.39,No
1.203,Si
4.532,Si
3.233,Si
2.593,Si
6.35,No
8.731,No
4.804,Si
2.784,Si
3.704,Si
9.113,No
2.445,Si
0.946,Si
5.807,No
0.31,Si
6.345,No
7.635,No
5.359,No
0.95,Si
1.621,Si
6.578,No
9.899,No
7.417,No
9.609,No
1.787,Si
9.747,No
0.868,Si
0.293,Si
9.793,No
7.366,No
0.414,Si
3.577,Si
9.8,No
8.943,No
5.415,No
5.677,No
1.147,Si
1.621,Si
2.181,Si
0.32,Si
5.673,No
6.024,No
2.926,Si
8.423,No
9.962,No
1.214,Si
2.273,Si
9.098,No
7.349,No
4.172,Si
7.812,No
0.05,Si
0.233,Si
5.601,No
4.698,Si
7.28,No
6.757,No
4.034,Si
9.407,No
0.592,Si
2.517,Si
3.898,Si
3.212,Si
7.722,No
9.225,No
7.029,No
4.455,Si
4.441,Si
8.291,No
5.82,No
1.708,Si
2.984,Si
0.661,Si
9.695,No
7.687,No
2.813,Si
6.344,No
9.942,No
7.735,No
7.329,No
8.025,No
4.546,Si
5.23,No
7.647,No
2.955,Si
2.301,Si
4.085,Si
9.495,No
8.858,No
9.255,No
4.667,Si
4.854,Si
5.544,No
5.552,No
8.341,No
9.851,No
8.27,No
3.538,Si
9.169,No
4.122,Si
0.364,Si
2.898,Si
7.042,No
0.114,Si
7.503,No
0.154,Si
3.278,Si
4.782,Si
2.1,Si
0.192,Si
2.149,Si
8.63,No
3.578,Si
7.09,No
1.661,Si
0.325,Si
8.467,No
0.179,Si
0.39,Si
7.155,No
8.851,No
5.776,No
4.18,Si
5.024,No
7.014,No
2.226,Si
1.362,Si
4.179,Si
0.619,Si
3.674,Si
8.327,No
7.043,No
9.879,No
3.884,Si
1.962,Si
6.731,No
9.103,No
2.19,Si
6.524,No
6.322,No
0.463,Si
6.951,No
8.564,No
5.866,No
0.528,Si
0.999,Si
7.745,No
6.211,No
1.316,Si
7.164,No
1.491,Si
6.237,No
0.07,Si
8.581,No
6.946,No
4.837,Si
9.855,No
7.924,No
3.947,Si
4.968,Si
9.032,No
4.214,Si
5.7,No
0.714,Si
8.481,No
6.798,No
6.918,No
1.611,Si
1.149,Si
3.32,Si
9.128,No
7.365,No
1.273,Si
8.826,No
1.554,Si
5.932,No
9.24,No
7.352,No
8.59,No
0.948,Si
7.541,No
2.757,Si
0.226,Si
3.12,Si
3.692,Si
6.175,No
7.712,No
6.477,No
7.657,No
8.551,No
8.869,No
3.908,Si
9.013,No
1.081,Si
2.346,Si
4.37,Si
3.932,Si
7.911,No
5.785,No
3.052,Si
4.722,Si
9.517,No
4.778,Si
5.594,No
3.795,Si
7.563,No
8.061,No
8.696,No
6.038,No
7.323,No
0.391,Si
3.197,Si
6.384,No
2.169,Si
0.266,Si
5.939,No
3.433,Si
3.362,Si
1.903,Si
5.132,No
4.193,Si
4.746,Si
8.629,No
3.374,Si
1.727,Si
5.894,No
2.052,Si
7.008,No
0.918,Si
1.874,Si
4.831,Si
0.117,Si
9.583,No
0.343,Si
9.229,No
6.423,No
2.228,Si
5.796,No
1.238,Si
6.408,No
3.359,Si
0.278,Si
4.284,Si
3.162,Si
3.037,Si
0.91,Si
5.121,No
1.693,Si
0.247,Si
9.996,No
1.542,Si
6.566,No
5.452,No
5.803,No
5.553,No
9.302,No
3.267,Si
0.463,Si
7.14,No
5.723,No
2.601,Si
2.895,Si
8.446,No
9.131,No
3.004,Si
1.404,Si
8.45,No
0.571,Si
1.98,Si
6.826,No
3.222,Si
7.171,No
8.865,No
7.628,No
0.26,Si
6.472,No
6.822,No
5.819,No
6.804,No
6.264,No
3.896,Si
4.476,Si
5.969,No
0.419,Si
5.627,No
9.339,No
1.834,Si
7.716,No
1.827,Si
2.626,Si
9.673,No
5.779,No
2.62,Si
5.765,No
8.402,No
7.257,No
7.991,No
0.368,Si
4.961,Si
7.577,No
0.754,Si
9.376,No
3.38,Si
9.637,No
7.634,No
0.17,Si
9.925,No
0.795,Si
5.384,No
5.785,No
0.71,Si
9.58,No
7.227,No
6.607,No
2.96,Si
0.706,Si
2.657,Si
6.848,No
9.13,No
6.591,No
2.093,Si
0.825,Si
7.21,No
6.431,No
9.166,No
4.081,Si
2.984,Si
2.036,Si
2.637,Si
9.454,No
4.346,Si
7.143,No
4.141,Si
2.492,Si
3.966,Si
3.971,Si
0.088,Si
2.368,Si
5.132,No
0.323,Si
5.759,No
9.732,No
7.77,No
5.614,No
5.817,No
7.075,No
2.157,Si
3.728,Si
0.477,Si
3.3,Si
5.818,No
6.683,No
3.385,Si
6.57,No
4.216,Si
6.026,No
2.827,Si
3.913,Si
0.783,Si
8.149,No
3.714,Si
1.464,Si
7.76,No
9.217,No
5.055,No
1.154,Si
5.386,No
7.789,No
1.973,Si
2.622,Si
3.474,Si
3.222,Si
2.622,Si
3.16,Si
4.08,Si
2.851,Si
3.558,Si
6.581,No
4.825,Si
8.234,No
2.936,Si
9.559,No
1.967,Si
7.19,No
1.823,Si
9.707,No
7.042,No
2.532,Si
0.279,Si
8.964,No
4.283,Si
9.155,No
1.153,Si
3.193,Si
9.889,No
3.417,Si
3.018,Si
5.542,No
2.418,Si
2.93,Si
2.791,Si
2.348,Si
9.534,No
9.862,No
4.747,Si
2.534,Si
5.359,No
0.148,Si
3.83,Si
4.834,Si
9.746,No
1.591,Si
2.376,Si
9.588,No
4.419,Si
5.945,No
8.583,No
4.426,Si
8.68,No
5.287,No
4.584,Si
7.116,No
3.463,Si
8.859,No
2.686,Si
3.179,Si
1.398,Si
2.065,Si
6.757,No
2.286,Si
1.823,Si
3.016,Si
2.786,Si
3.263,Si
2.167,Si
9.481,No
0.434,Si
7.427,No
9.54,No
7.566,No
6.038,No
2.24,Si
5.011,No
3.09,Si
6.84,No
6.701,No
1.231,Si
6.174,No
1.332,Si
8.261,No
8.608,No
0.219,Si
0.415,Si
8.952,No
3.498,Si
7.976,No
9.559,No
1.82,Si
8.985,No
1.001,Si
5.363,No
7.861,No
0.826,Si
7.683,No
4.274,Si
1.767,Si
7.911,No
3.094,Si
9.114,No
8.988,No
2.244,Si
5.264,No
5.102,No
4.581,Si
8.983,No
1.144,Si
1.376,Si
5.247,No
8.406,No
6.428,No
1.487,Si
8.568,No
3.964,Si
0.849,Si
8.648,No
9.11,No
1.733,Si
7.504,No
9.68,No
6.887,No
0.095,Si
0.931,Si
9.729,No
8.516,No
8.088,No
0.63,Si
4.579,Si
2.494,Si
5.154,No
5.523,No
8.651,No
9.292,No
3.248,Si
5.263,No
5.99,No
2.19,Si
9.84,No
9.854,No
3.228,Si
0.3,Si
0.521,Si
8.481,No
8.691,No
9.411,No
3.798,Si
6.908,No
2.306,Si
1.285,Si
0.966,Si
5.673,No
6.334,No
6.695,No
5.225,No
0.567,Si
7.063,No
7.253,No
7.382,No
5.511,No
1.127,Si
6.996,No
2.098,Si
4.8,Si
7.56,No
2.224,Si
0.624,Si
9.149,No
3.399,Si
5.621,No
2.597,Si
5.914,No
7.778,No
4.676,Si
1.423,Si
5.947,No
9.973,No
1.827,Si
5.063,No
3.529,Si
6.449,No
1.725,Si
9.55,No
1.036,Si
1.863,Si
6.195,No
8.734,No
5.907,No
0.418,Si
8.95,No
7.767,No
6.104,No
5.695,No
4.972,Si
6.685,No
5.458,No
9.348,No
5.96,No
6.006,No
6.02,No
0.864,Si
2.21,Si
7.044,No
9.049,No
6.703,No
9.6,No
3.651,Si
3.599,Si
7.876,No
2.597,Si
3.338,Si
2.245,Si
0.346,Si
0.858,Si
5.105,No
8.644,No
2.669,Si
7.939,No
1.585,Si
9.634,No
0.337,Si
5.6,No
8.501,No
3.715,Si
0.639,Si
0.945,Si
3.109,Si
6.048,No
2.17,Si
3.901,Si
0.079,Si
3.765,Si
9.02,No
3.28,Si
7.688,No
9.167,No
6.308,No
9.067,No
9.144,No
9.802,No
9.044,No
1.108,Si
2.246,Si
2.307,Si
2.084,Si
0.346,Si
4.857,Si
5.065,No
9.883,No
2.605,Si
0.397,Si
0.374,Si
5.65,No
3.488,Si
7.995,No
6.014,No
8.539,No
1.03,Si
9.384,No
9.064,No
6.832,No
1.677,Si
8.427,No
4.613,Si
7.442,No
3.479,Si
0.262,Si
6.204,No
3.626,Si
5.344,No
2.374,Si
4.464,Si
8.959,No
8.882,No
0.277,Si
6.079,No
4.958,Si
2.898,Si
5.9,No
7.987,No
3.571,Si
8.413,No
1.028,Si
9.746,No
2.257,Si
5.473,No
2.157,Si
2.271,Si
3.189,Si
9.797,No
3.272,Si
6.976,No
7.497,No
6.36,No
3.342,Si
5.811,No
1.952,Si
0.096,Si
4.202,Si
5.273,No
1.378,Si
8.402,No
6.943,No
7.487,No
8.621,No
4.225,Si
0.427,Si
6.754,No
6.623,No
2.177,Si
9.109,No
5.548,No
8.605,No
0.031,Si
3.322,Si
5.825,No
5.218,No
6.895,No
5.871,No
3.135,Si
1.094,Si
5.445,No
5.046,No
7.764,No
5.266,No
4.0,Si
5.752,No
5.325,No
0.808,Si
5.695,No
7.244,No
0.448,Si
2.075,Si
9.21,No
0.108,Si
3.968,Si
0.89,Si
9.279,No
8.788,No
3.567,Si
8.769,No
5.851,No
0.274,Si
3.4,Si
1.821,Si
7.466,No
5.613,No
4.395,Si
1.956,Si
7.711,No
6.028,No
3.614,Si
3.439,Si
5.623,No
3.211,Si
5.789,No
7.943,No
8.494,No
3.33,Si
9.611,No
4.843,Si
8.17,No
7.735,No
7.156,No
8.521,No
3.026,Si
3.32,Si
1.756,Si
4.382,Si
8.178,No
8.16,No
9.841,No
1.761,Si
6.957,No
4.759,Si
9.803,No
3.608,Si
8.984,No
3.764,Si
8.32,No
5.91,No
9.579,No
6.389,No
3.943,Si
8.512,No
6.845,No
6.877,No
8.162,No
7.993,No
5.173,No
1.649,Si
9.372,No
6.06,No
9.393,No
0.291,Si
8.233,No
5.966,No
1.971,Si
9.871,No
0.834,Si
1.947,Si
5.212,No
5.804,No
5.079,No
5.649,No
7.155,No
5.38,No
0.159,Si
7.078,No
9.358,No
3.323,Si
1.513,Si
8.495,No
6.518,No
7.499,No
1.908,Si
1.543,Si
6.411,No
4.723,Si
2.495,Si
0.884,Si
5.393,No
1.056,Si
6.279,No
3.244,Si
3.99,Si
5.697,No
2.299,Si
5.622,No
2.421,Si
4.458,Si
5.959,No
7.892,No
7.397,No
2.104,Si
1.452,Si
7.496,No
5.484,No
4.228,Si
1.296,Si
5.688,No
2.48,Si
2.521,Si
5.616,No
3.66,Si
9.156,No
3.672,Si
6.124,No
9.183,No
1.892,Si
2.567,Si
3.17,Si
4.01,Si
2.527,Si
9.178,No
6.818,No
5.587,No
0.189,Si
0.0,Si
9.865,No
2.743,Si
0.655,Si
8.674,No
2.537,Si
8.057,No
3.986,Si
3.272,Si
2.246,Si
6.242,No
9.562,No
9.707,No
0.431,Si
5.35,No
7.098,No
7.75,No
5.883,No
1.627,Si
8.736,No
2.042,Si
4.255,Si
1.089,Si
4.081,Si
5.024,No
7.303,No
8.271,No
2.444,Si
6.913,No
1.821,Si
9.878,No
1.301,Si
5.142,No
2.392,Si
0.161,Si
0.586,Si
5.19,No
3.302,Si
5.554,No
3.228,Si
2.74,Si
5.524,No
1.761,Si
2.926,Si
0.556,Si
4.162,Si
3.961,Si
3.57,Si
7.148,No
9.534,No
3.727,Si
9.286,No
3.156,Si
4.235,Si
5.852,No
6.679,No
8.871,No
7.27,No
2.467,Si
2.736,Si
5.035,No
5.701,No
8.886,No
0.583,Si
0.493,Si
0.909,Si
9.011,No
9.558,No
5.981,No
5.102,No
1.976,Si
8.574,No
6.906,No
3.02,Si
8.623,No
9.116,No
8.209,No
3.026,Si
7.395,No
0.227,Si
0.868,Si
6.254,No
2.615,Si
2.497,Si
8.091,No
1.679,Si
3.681,Si
8.359,No
6.631,No
0.451,Si
0.779,Si
5.492,No
4.77,Si
1.394,Si
3.559,Si
7.482,No
4.534,Si
6.028,No
0.381,Si
4.089,Si
6.499,No
6.294,No
7.286,No
0.907,Si
5.198,No
2.245,Si
7.772,No
9.526,No
8.922,No
0.614,Si
1.589,Si
6.276,No
1.481,Si
5.219,No
7.855,No
8.833,No
5.058,No
2.75,Si
8.908,No
2.05,Si
0.327,Si
7.386,No
8.221,No
3.731,Si
6.238,No
2.784,Si
2.339,Si
7.642,No
9.062,No
7.95,No
7.669,No
1.879,Si
2.52,Si
1.922,Si
8.372,No
3.513,Si
8.734,No
5.819,No
0.395,Si
5.981,No
2.259,Si
4.531,Si
3.967,Si
1.39,Si
0.02,Si
8.795,No
7.675,No
5.83,No
6.432,No
4.424,Si
0.613,Si
4.452,Si
0.151,Si
0.296,Si
2.248,Si
1.46,Si
8.764,No
4.301,Si
8.107,No
8.094,No
4.546,Si
6.773,No
3.91,Si
7.615,No
9.863,No
3.207,Si
2.699,Si
5.61,No
8.024,No
0.799,Si
5.24,No
1.959,Si
6.491,No
9.373,No
6.463,No
3.688,Si
3.821,Si
7.679,No
0.184,Si
3.315,Si
9.445,No
8.315,No
6.895,No
1.936,Si
9.652,No
6.34,No
8.884,No
7.195,No
4.565,Si
0.566,Si
3.131,Si
3.728,Si
4.412,Si
8.041,No
2.2,Si
8.215,No
1.965,Si
0.549,Si
0.287,Si
3.354,Si
1.895,Si
0.055,Si
0.01,Si
9.738,No
2.396,Si
1.599,Si
1.383,Si
6.971,No
1.404,Si
7.288,No
9.064,No
1.168,Si
8.841,No
0.202,Si
3.646,Si
0.005,Si
7.011,No
8.173,No
9.201,No
3.935,Si
0.165,Si
7.539,No
1.378,Si
4.486,Si
3.724,Si
3.5,Si
6.068,No
8.362,No
5.141,No
6.479,No
1.21,Si
3.032,Si
1.476,Si
4.512,Si
6.808,No
1.321,Si
3.29,Si
2.171,Si
6.853,No
0.972,Si
4.387,Si
4.023,Si
3.05,Si
9.863,No
6.43,No
5.025,No
6.924,No
5.855,No
8.979,No
0.532,Si
3.987,Si
6.912,No
4.238,Si
6.142,No
4.558,Si
8.228,No
0.41,Si
3.591,Si
6.761,No
0.704,Si
8.332,No
1.061,Si
3.51,Si
0.023,Si
6.063,No
7.169,No
7.679,No
9.981,No
9.2,No
0.01,Si
4.28,Si
0.983,Si
9.113,No
7.748,No
4.841,Si
9.073,No
9.98,No
1.18,Si
2.1,Si
0.954,Si
5.368,No
2.624,Si
9.991,No
5.305,No
3.386,Si
7.525,No
0.262,Si
5.293,No
9.638,No
7.865,No
1.599,Si
7.696,No
1.743,Si
4.663,Si
5.117,No
0.852,Si
1.657,Si
4.409,Si
9.086,No
8.001,No
2.291,Si
9.181,No
2.166,Si
8.359,No
8.727,No
6.65,No
9.396,No
1.036,Si
8.142,No
8.969,No
1.471,Si
7.643,No
5.494,No
3.407,Si
0.355,Si
2.982,Si
5.693,No
8.592,No
6.878,No
6.015,No
9.125,No
6.898,No
2.299,Si
6.711,No
6.03,No
2.317,Si
8.948,No
5.995,No
3.484,Si
8.822,No
8.036,No
7.005,No
5.838,No
0.183,Si
0.386,Si
6.215,No
5.962,No
5.213,No
7.776,No
8.973,No
8.206,No
3.197,Si
6.053,No
7.724,No
2.174,Si
2.192,Si
2.351,Si
3.987,Si
4.45,Si
1.333,Si
5.078,No
6.117,No
4.769,Si
5.249,No
8.692,No
6.318,No
0.912,Si
8.468,No
6.92,No
6.706,No
7.301,No
5.128,No
2.883,Si
5.846,No
8.934,No
7.149,No
9.796,No
4.756,Si
0.558,Si
6.212,No
9.78,No
7.164,No
5.535,No
8.083,No
5.543,No
8.169,No
3.881,Si
8.529,No
0.577,Si
2.738,Si
1.584,Si
3.153,Si
6.303,No
0.197,Si
2.463,Si
1.507,Si
0.822,Si
1.244,Si
4.225,Si
8.92,No
2.896,Si
6.994,No
9.437,No
3.902,Si
9.332,No
4.598,Si
4.553,Si
2.6,Si
3.376,Si
6.95,No
4.929,Si
4.29,Si
9.34,No
2.706,Si
6.717,No
0.046,Si
0.964,Si
4.028,Si
6.639,No
1.991,Si
4.507,Si
4.291,Si
2.411,Si
0.208,Si
6.348,No
5.223,No
2.702,Si
4.479,Si
2.42,Si
8.043,No
7.323,No
9.527,No
2.507,Si
7.747,No
0.183,Si
1.289,Si
3.834,Si
3.471,Si
6.007,No
9.131,No
8.604,No
7.554,No
7.673,No
6.421,No
0.917,Si
7.135,No
2.709,Si
5.001,No
1.005,Si
5.926,No
1.777,Si
0.892,Si
2.614,Si
3.236,Si
7.088,No
1.69,Si
8.23,No
0.853,Si
1.096,Si
5.066,No
5.591,No
9.821,No
3.629,Si
2.26,Si
2.2,Si
4.524,Si
9.683,No
5.165,No
4.851,Si
3.141,Si
7.12,No
4.179,Si
1.996,Si
5.679,No
1.096,Si
7.402,No
7.767,No
6.043,No
5.659,No
8.409,No
3.682,Si
9.713,No
4.806,Si
8.671,No
7.306,No
7.449,No
8.768,No
2.486,Si
4.402,Si
2.17,Si
6.625,No
2.791,Si
6.541,No
3.568,Si
1.533,Si
5.29,No
5.749,No
7.003,No
2.271,Si
6.66,No
4.286,Si
0.856,Si
7.726,No
8.591,No
0.572,Si
4.179,Si
1.107,Si
8.581,No
6.345,No
5.548,No
7.962,No
5.892,No
9.936,No
1.928,Si
2.129,Si
8.954,No
8.9,No
2.0,Si
8.006,No
2.392,Si
0.096,Si
3.681,Si
2.198,Si
7.849,No
0.918,Si
0.673,Si
4.039,Si
3.443,Si
2.154,Si
4.034,Si
8.102,No
5.528,No
5.3,No
6.563,No
6.436,No
3.216,Si
0.32,Si
2.888,Si
4.537,Si
4.851,Si
4.274,Si
2.733,Si
6.972,No
9.549,No
1.313,Si
6.532,No
7.246,No
1.294,Si
4.648,Si
8.957,No
6.136,No
5.005,No
8.384,No
8.593,No
5.911,No
0.917,Si
4.963,Si
8.643,No
6.495,No
7.618,No
0.361,Si
7.528,No
4.681,Si
8.541,No
4.34,Si
3.851,Si
7.551,No
0.885,Si
9.654,No
4.199,Si
8.353,No
8.037,No
6.995,No
8.154,No
0.292,Si
0.857,Si
9.151,No
0.315,Si
9.23,No
5.251,No
0.787,Si
4.31,Si
0.893,Si
9.693,No
9.271,No
1.697,Si
7.994,No
1.986,Si
3.513,Si
3.162,Si
0.22,Si
6.634,No
8.98,No
5.774,No
6.801,No
9.13,No
6.602,No
5.508,No
1.046,Si
1.837,Si
2.203,Si
4.888,Si
1.511,Si
3.798,Si
5.98,No
2.131,Si
5.087,No
6.663,No
6.938,No
0.588,Si
2.589,Si
1.004,Si
4.691,Si
0.122,Si
4.118,Si
8.256,No
3.811,Si
2.384,Si
5.823,No
4.073,Si
8.232,No
1.735,Si
5.697,No
1.233,Si
8.373,No
0.347,Si
8.968,No
7.28,No
7.392,No
4.679,Si
9.398,No
2.576,Si
2.636,Si
9.267,No
9.809,No
6.343,No
0.42,Si
3.648,Si
5.467,No
8.088,No
9.006,No
0.574,Si
6.932,No
4.773,Si
4.479,Si
9.918,No
3.344,Si
3.989,Si
4.309,Si
1.132,Si
1.982,Si
8.731,No
2.199,Si
5.053,No
3.585,Si
8.588,No
3.007,Si
4.271,Si
4.413,Si
1.421,Si
1.496,Si
4.976,Si
9.52,No
4.337,Si
6.472,No
9.917,No
0.379,Si
8.758,No
3.67,Si
0.865,Si
0.828,Si
7.975,No
3.81,Si
8.988,No
3.912,Si
7.945,No
2.527,Si
2.052,Si
9.058,No
6.106,No
4.638,Si
2.52,Si
3.85,Si
0.939,Si
1.219,Si
5.776,No
4.095,Si
9.332,No
1.383,Si
8.848,No
5.868,No
4.161,Si
5.586,No
2.658,Si
0.474,Si
6.674,No
9.125,No
9.256,No
4.658,Si
1.61,Si
1.871,Si
3.943,Si
9.543,No
8.248,No
5.414,No
3.044,Si
0.191,Si
4.089,Si
8.1,No
2.143,Si
5.915,No
0.546,Si
9.287,No
0.465,Si
0.458,Si
4.25,Si
7.811,No
6.374,No
1.925,Si
0.725,Si
8.714,No
8.114,No
6.078,No
7.531,No
1.36,Si
5.525,No
9.215,No
8.578,No
9.607,No
1.474,Si
8.285,No
5.242,No
3.9,Si
8.639,No
7.28,No
5.996,No
8.211,No
2.357,Si
8.234,No
5.201,No
9.134,No
3.269,Si
6.847,No
7.415,No
7.987,No
3.604,Si
6.626,No
4.502,Si
2.375,Si
6.909,No
0.321,Si
8.373,No
1.528,Si
4.897,Si
1.873,Si
3.48,Si
2.648,Si
7.998,No
6.888,No
1.657,Si
4.012,Si
1.794,Si
4.757,Si
1.161,Si
5.147,No
5.502,No
6.6,No
3.246,Si
3.974,Si
6.089,No
2.002,Si
6.006,No
0.544,Si
5.736,No
7.741,No
8.942,No
2.778,Si
8.505,No
3.826,Si
1.012,Si
6.619,No
5.087,No
5.25,No
3.24,Si
4.271,Si
6.59,No
0.187,Si
6.725,No
7.014,No
0.752,Si
2.875,Si
5.388,No
1.514,Si
4.686,Si
7.094,No
2.689,Si
0.198,Si
1.125,Si
3.764,Si
1.523,Si
4.21,Si
9.486,No
8.996,No
7.292,No
5.709,No
5.459,No
0.682,Si
6.573,No
3.548,Si
8.466,No
6.193,No
1.992,Si
7.174,No
8.012,No
5.071,No
2.846,Si
2.574,Si
8.851,No
8.212,No
6.909,No
7.463,No
7.237,No
7.324,No
2.901,Si
8.082,No
4.595,Si
8.682,No
2.184,Si
9.466,No
0.6,Si
4.063,Si
8.719,No
6.891,No
7.993,No
2.832,Si
6.047,No
3.887,Si
8.852,No
6.912,No
2.945,Si
2.237,Si
8.557,No
9.055,No
5.799,No
6.468,No
3.286,Si
4.399,Si
7.724,No
1.439,Si
6.456,No
2.534,Si
0.443,Si
9.838,No
0.592,Si
5.339,No
2.636,Si
3.372,Si
1.797,Si
7.872,No
2.486,Si
4.321,Si
6.2,No
2.847,Si
9.165,No
5.948,No
2.926,Si
6.394,No
5.723,No
6.356,No
6.569,No
3.056,Si
9.287,No
3.702,Si
3.724,Si
3.44,Si
5.562,No
7.187,No
2.047,Si
6.306,No
3.38,Si
0.008,Si
0.994,Si
7.903,No
4.172,Si
7.597,No
7.788,No
6.631,No
7.926,No
6.69,No
6.415,No
9.185,No
5.554,No
4.737,Si
8.09,No
2.384,Si
7.575,No
7.086,No
9.798,No
0.284,Si
6.984,No
6.113,No
2.346,Si
0.166,Si
8.455,No
6.45,No
6.711,No
3.359,Si
9.561,No
4.67,Si
5.45,No
1.686,Si
8.111,No
7.744,No
2.865,Si
6.633,No
8.934,No
3.269,Si
5.634,No
0.537,Si
6.279,No
1.034,Si
9.236,No
3.549,Si
4.423,Si
4.227,Si
7.492,No
8.958,No
6.812,No
6.274,No
8.454,No
8.252,No
9.84,No
5.669,No
1.129,Si
1.566,Si
8.144,No
2.656,Si
7.969,No
2.773,Si
6.709,No
3.467,Si
3.186,Si
5.532,No
8.313,No
3.942,Si
0.866,Si
9.549,No
6.905,No
6.486,No
1.515,Si
0.011,Si
8.609,No
8.621,No
1.335,Si
1.13,Si
7.21,No
7.179,No
4.6,Si
8.82,No
4.025,Si
4.836,Si
3.681,Si
3.887,Si
0.84,Si
9.646,No
5.773,No
7.297,No
7.445,No
2.905,Si
1.236,Si
2.081,Si
9.391,No
4.985,Si
6.024,No
8.444,No
7.578,No
9.501,No
3.841,Si
9.014,No
1.914,Si
4.215,Si
0.596,Si
5.437,No
1.732,Si
5.486,No
3.647,Si
8.453,No
0.415,Si
3.19,Si
4.688,Si
4.562,Si
2.709,Si
8.449,No
8.443,No
7.684,No
4.796,Si
7.408,No
4.295,Si
7.924,No
9.783,No
7.46,No
2.76,Si
6.756,No
8.027,No
6.922,No
1.38,Si
9.357,No
6.757,No
2.127,Si
9.913,No
5.092,No
3.883,Si
2.711,Si
2.797,Si
6.381,No
4.072,Si
3.553,Si
1.196,Si
2.612,Si
4.666,Si
5.342,No
6.219,No
6.786,No
3.89,Si
7.085,No
1.655,Si
3.071,Si
6.816,No
5.811,No
0.096,Si
8.057,No
7.327,No
5.387,No
6.595,No
9.63,No
1.744,Si
8.36,No
0.801,Si
6.054,No
3.976,Si
4.909,Si
5.129,No
1.041,Si
9.404,No
4.754,Si
7.16,No
4.682,Si
8.859,No
6.311,No
1.936,Si
2.826,Si
7.938,No
3.247,Si
8.457,No
1.652,Si
8.193,No
1.25,Si
7.05,No
6.148,No
5.204,No
6.068,No
7.775,No
3.218,Si
0.336,Si
7.602,No
6.062,No
0.813,Si
7.65,No
0.514,Si
8.085,No
8.513,No
1.627,Si
2.439,Si
6.895,No
5.813,No
4.109,Si
5.108,No
0.399,Si
5.588,No
4.65,Si
5.606,No
8.386,No
0.166,Si
4.698,Si
5.661,No
4.699,Si
0.821,Si
0.583,Si
5.542,No
1.27,Si
3.51,Si
6.998,No
4.506,Si
5.969,No
8.018,No
4.998,Si
1.387,Si
7.898,No
8.119,No
7.453,No
9.649,No
4.975,Si
8.254,No
3.794,Si
5.819,No
6.023,No
4.655,Si
5.531,No
4.062,Si
2.887,Si
6.171,No
7.043,No
8.567,No
6.237,No
4.165,Si
2.033,Si
2.407,Si
9.624,No
0.783,Si
2.054,Si
2.03,Si
5.108,No
2.177,Si
0.761,Si
5.54,No
8.976,No
3.686,Si
1.401,Si
2.555,Si
0.518,Si
6.475,No
2.602,Si
3.078,Si
8.536,No
2.285,Si
2.876,Si
2.483,Si
6.325,No
6.509,No
8.114,No
5.612,No
8.758,No
5.803,No
7.991,No
5.525,No
7.522,No
7.016,No
9.701,No
9.286,No
7.694,No
5.318,No
4.51,Si
6.55,No
3.128,Si
0.735,Si
8.178,No
8.972,No
0.879,Si
0.102,Si
5.658,No
9.511,No
4.274,Si
6.034,No
9.038,No
1.548,Si
1.412,Si
9.155,No
6.418,No
0.503,Si
2.863,Si
8.614,No
5.368,No
1.612,Si
0.048,Si
7.706,No
3.923,Si
6.176,No
5.9,No
3.208,Si
8.964,No
4.228,Si
7.229,No
0.049,Si
5.478,No
4.399,Si
9.987,No
3.142,Si
3.918,Si
9.797,No
8.214,No
1.361,Si
7.441,No
4.003,Si
6.821,No
7.495,No
7.769,No
9.86,No
5.05,No
4.114,Si
1.493,Si
6.142,No
7.913,No
3.92,Si
3.821,Si
9.321,No
1.305,Si
0.42,Si
1.21,Si
5.565,No
1.352,Si
0.745,Si
7.359,No
9.266,No
7.28,No
9.907,No
9.013,No
5.562,No
1.627,Si
1.868,Si
5.608,No
5.228,No
6.459,No
4.004,Si
1.289,Si
3.068,Si
9.519,No
4.361,Si
0.467,Si
0.524,Si
4.272,Si
8.745,No
6.853,No
0.459,Si
1.035,Si
7.27,No
7.454,No
8.643,No
5.346,No
5.467,No
0.042,Si
9.217,No
3.192,Si
5.85,No
5.986,No
8.041,No
8.491,No
2.365,Si
4.264,Si
3.515,Si
4.943,Si
9.609,No
0.355,Si
2.571,Si
2.592,Si
0.466,Si
1.059,Si
0.65,Si
2.159,Si
1.681,Si
8.732,No
3.376,Si
6.083,No
9.362,No
9.477,No
3.126,Si
6.977,No
8.097,No
0.699,Si
7.592,No
5.997,No
7.197,No
3.097,Si
8.985,No
5.119,No
1.906,Si
9.71,No
8.374,No
1.35,Si
9.507,No
1.606,Si
2.476,Si
2.588,Si
3.161,Si
7.138,No
4.765,Si
4.804,Si
5.605,No
2.108,Si
2.753,Si
8.671,No
6.641,No
1.841,Si
9.826,No
6.697,No
5.727,No
1.255,Si
5.572,No
0.354,Si
8.014,No
9.649,No
0.752,Si
8.035,No
3.163,Si
3.802,Si
0.42,Si
5.9,No
2.977,Si
7.04,No
2.545,Si
2.903,Si
4.0,Si
3.27,Si
2.259,Si
0.467,Si
0.304,Si
5.032,No
5.689,No
9.675,No
4.831,Si
5.822,No
6.846,No
3.123,Si
7.758,No
1.57,Si
7.108,No
0.823,Si
9.948,No
2.337,Si
4.077,Si
4.607,Si
4.824,Si
7.891,No
4.018,Si
3.425,Si
6.476,No
0.044,Si
0.815,Si
5.885,No
0.813,Si
8.45,No
4.267,Si
6.265,No
8.012,No
7.602,No
9.082,No
2.027,Si
6.429,No
2.541,Si
5.965,No
1.8,Si
8.959,No
4.777,Si
9.647,No
5.274,No
6.95,No
0.766,Si
3.621,Si
4.554,Si
6.856,No
5.287,No
9.138,No
9.769,No
5.895,No
0.835,Si
5.72,No
5.79,No
8.688,No
9.102,No
5.659,No
2.227,Si
8.182,No
3.405,Si
4.394,Si
5.45,No
1.835,Si
7.099,No
4.866,Si
3.932,Si
9.737,No
5.626,No
8.448,No
4.019,Si
8.715,No
9.062,No
1.346,Si
0.65,Si
0.644,Si
6.313,No
8.668,No
9.918,No
0.246,Si
7.138,No
9.439,No
8.91,No
6.873,No
0.146,Si
5.023,No
2.878,Si
8.592,No
1.041,Si
3.213,Si
3.077,Si
9.377,No
7.07,No
7.478,No
2.714,Si
4.351,Si
5.932,No
2.964,Si
5.636,No
0.799,Si
5.01,No
6.866,No
8.823,No
4.222,Si
1.034,Si
0.126,Si
5.433,No
8.089,No
9.762,No
1.829,Si
9.268,No
0.268,Si
3.375,Si
4.176,Si
1.985,Si
7.357,No
2.678,Si
7.844,No
6.411,No
2.373,Si
2.263,Si
6.998,No
6.52,No
9.057,No
4.279,Si
6.302,No
7.441,No
8.468,No
5.791,No
5.517,No
0.288,Si
5.925,No
2.295,Si
2.178,Si
0.368,Si
6.462,No
9.8,No
0.9,Si
8.533,No
1.715,Si
1.506,Si
4.914,Si
0.704,Si
0.886,Si
8.03,No
6.038,No
8.521,No
2.319,Si
7.25,No
0.147,Si
1.278,Si
3.525,Si
6.491,No
6.054,No
3.967,Si
9.889,No
3.115,Si
6.173,No
2.059,Si
2.856,Si
3.048,Si
0.86,Si
7.162,No
0.607,Si
8.357,No
1.913,Si
3.889,Si
7.42,No
1.236,Si
6.529,No
3.815,Si
7.497,No
0.401,Si
5.065,No
0.702,Si
7.895,No
4.217,Si
6.24,No
9.984,No
5.649,No
1.749,Si
7.618,No
6.36,No
2.385,Si
0.013,Si
1.222,Si
6.736,No
0.868,Si
4.888,Si
1.351,Si
8.565,No
4.209,Si
5.674,No
0.152,Si
8.597,No
4.2,Si
4.093,Si
1.447,Si
2.228,Si
6.883,No
6.419,No
4.879,Si
9.393,No
4.575,Si
7.735,No
3.568,Si
6.885,No
2.452,Si
0.856,Si
2.38,Si
4.55,Si
2.252,Si
9.778,No
7.175,No
3.359,Si
9.077,No
6.609,No
2.869,Si
4.226,Si
0.522,Si
7.733,No
5.895,No
7.738,No
4.507,Si
8.767,No
4.561,Si
5.357,No
9.674,No
2.696,Si
6.945,No
0.502,Si
7.263,No
1.009,Si
7.005,No
0.205,Si
0.046,Si
5.966,No
8.508,No
8.627,No
5.84,No
4.711,Si
1.69,Si
7.975,No
8.354,No
6.751,No
2.238,Si
2.133,Si
6.966,No
2.587,Si
5.864,No
7.207,No
0.519,Si
3.279,Si
5.2,No
5.248,No
3.183,Si
7.478,No
4.915,Si
5.215,No
6.162,No
8.55,No
5.994,No
2.127,Si
2.837,Si
6.781,No
4.737,Si
8.533,No
7.018,No
4.434,Si
9.835,No
0.396,Si
4.67,Si
9.252,No
7.452,No
3.1,Si
0.367,Si
7.079,No
3.194,Si
6.497,No
4.035,Si
3.839,Si
0.073,Si
8.809,No
9.95,No
0.36,Si
7.718,No
4.879,Si
1.04,Si
7.451,No
8.335,No
0.973,Si
1.674,Si
0.747,Si
8.447,No
1.572,Si
9.554,No
6.947,No
5.232,No
6.29,No
7.383,No
8.881,No
5.41,No
8.661,No
7.65,No
6.232,No
0.644,Si
8.361,No
8.965,No
6.99,No
0.375,Si
0.631,Si
1.447,Si
4.601,Si
9.987,No
8.683,No
3.422,Si
4.382,Si
4.257,Si
3.667,Si
5.975,No
6.365,No
2.007,Si
1.494,Si
3.515,Si
5.944,No
1.161,Si
1.082,Si
0.159,Si
5.833,No
7.337,No
2.382,Si
9.747,No
4.351,Si
7.333,No
6.273,No
1.762,Si
7.444,No
6.565,No
6.144,No
7.418,No
3.935,Si
4.531,Si
5.555,No
5.436,No
0.635,Si
9.285,No
9.834,No
3.186,Si
8.821,No
1.452,Si
5.63,No
5.134,No
5.379,No
0.054,Si
0.567,Si
4.457,Si
3.726,Si
1.981,Si
9.698,No
1.164,Si
4.777,Si
7.928,No
2.201,Si
8.738,No
3.08,Si
2.31,Si
2.25,Si
6.151,No
0.239,Si
2.354,Si
0.389,Si
6.091,No
3.113,Si
5.643,No
9.581,No
2.661,Si
4.082,Si
9.074,No
2.196,Si
7.397,No
3.045,Si
8.836,No
0.45,Si
6.519,No
3.099,Si
4.335,Si
1.904,Si
5.986,No
1.668,Si
4.86,Si
2.006,Si
8.995,No
8.837,No
5.124,No
1.436,Si
3.254,Si
8.543,No
1.641,Si
7.487,No
9.284,No
3.984,Si
1.235,Si
5.526,No
5.12,No
1.736,Si
8.239,No
6.255,No
9.354,No
8.876,No
6.061,No
7.161,No
1.128,Si
8.136,No
6.226,No
6.42,No
0.561,Si
6.061,No
3.28,Si
3.909,Si
0.94,Si
8.192,No
3.303,Si
2.428,Si
0.511,Si
9.817,No
0.755,Si
5.901,No
6.916,No
9.775,No
6.515,No
9.446,No
2.97,Si
1.129,Si
0.947,Si
7.426,No
5.985,No
2.818,Si
1.33,Si
5.091,No
1.499,Si
7.182,No
7.305,No
1.831,Si
0.975,Si
3.516,Si
7.06,No
6.287,No
8.377,No
4.658,Si
5.482,No
3.533,Si
4.488,Si
6.535,No
4.634,Si
7.618,No
2.201,Si
7.356,No
3.888,Si
8.45,No
8.397,No
8.756,No
3.614,Si
6.292,No
2.768,Si
8.656,No
4.827,Si
1.828,Si
2.201,Si
1.491,Si
4.913,Si
2.753,Si
3.961,Si
0.206,Si
0.321,Si
7.198,No
9.582,No
3.585,Si
3.235,Si
4.223,Si
8.238,No
1.659,Si
5.179,No
3.851,Si
6.473,No
9.942,No
0.106,Si
8.53,No
9.805,No
6.986,No
1.837,Si
5.41,No
7.867,No
6.009,No
8.224,No
4.536,Si
5.032,No
5.429,No
2.446,Si
8.171,No
4.748,Si
3.126,Si
5.71,No
1.423,Si
9.722,No
8.417,No
5.787,No
1.893,Si
8.607,No
1.698,Si
1.393,Si
4.496,Si
2.064,Si
9.49,No
9.309,No
4.565,Si
4.786,Si
4.912,Si
9.468,No
3.467,Si
6.927,No
5.723,No
4.382,Si
6.981,No
2.175,Si
6.327,No
8.619,No
0.069,Si
8.486,No
9.812,No
1.144,Si
1.98,Si
8.396,No
4.051,Si
8.295,No
0.12,Si
7.764,No
3.623,Si
4.47,Si
1.36,Si
2.672,Si
2.819,Si
7.996,No
0.539,Si
2.432,Si
8.907,No
9.327,No
4.689,Si
8.017,No
9.93,No
4.967,Si
1.291,Si
5.224,No
3.546,Si
5.108,No
5.273,No
2.829,Si
6.586,No
4.993,Si
2.426,Si
4.429,Si
1.831,Si
3.499,Si
9.787,No
2.461,Si
4.61,Si
7.651,No
0.243,Si
9.661,No
7.31,No
4.632,Si
4.177,Si
8.189,No
5.623,No
6.652,No
2.23,Si
0.907,Si
5.325,No
0.825,Si
4.993,Si
8.588,No
8.236,No
1.512,Si
8.574,No
1.856,Si
6.876,No
8.289,No
9.921,No
5.27,No
7.875,No
2.451,Si
9.829,No
1.212,Si
1.307,Si
4.247,Si
8.765,No
8.811,No
4.124,Si
1.494,Si
7.125,No
1.474,Si
6.561,No
2.135,Si
0.203,Si
4.158,Si
1.515,Si
9.908,No
0.631,Si
0.004,Si
5.848,No
6.183,No
4.741,Si
7.533,No
5.211,No
1.728,Si
1.916,Si
2.266,Si
7.65,No
6.38,No
1.196,Si
3.317,Si
8.036,No
8.627,No
5.068,No
4.387,Si
5.181,No
7.862,No
5.068,No
9.655,No
8.989,No
2.834,Si
0.664,Si
9.041,No
5.464,No
7.698,No
4.35,Si
1.983,Si
1.044,Si
8.329,No
9.515,No
2.592,Si
4.42,Si
8.065,No
9.976,No
2.212,Si
1.543,Si
5.572,No
8.788,No
5.2,No
0.444,Si
6.68,No
2.1,Si
4.93,Si
9.538,No
8.167,No
0.7,Si
1.101,Si
9.905,No
1.359,Si
5.846,No
5.847,No
8.656,No
5.982,No
8.906,No
9.449,No
1.372,Si
9.397,No
5.267,No
9.137,No
4.298,Si
2.488,Si
0.578,Si
9.952,No
4.897,Si
0.627,Si
7.995,No
8.738,No
2.83,Si
1.417,Si
2.106,Si
9.686,No
6.126,No
6.036,No
3.346,Si
8.66,No
6.193,No
9.048,No
9.799,No
1.748,Si
2.318,Si
1.56,Si
3.466,Si
3.987,Si
1.191,Si
9.465,No
9.513,No
8.921,No
8.131,No
5.643,No
2.603,Si
9.008,No
1.477,Si
1.447,Si
5.68,No
8.307,No
9.101,No
1.498,Si
1.577,Si
9.329,No
6.279,No
3.033,Si
3.25,Si
6.642,No
6.242,No
1.472,Si
2.419,Si
8.98,No
8.977,No
9.823,No
1.466,Si
2.455,Si
3.094,Si
8.547,No
0.335,Si
1.074,Si
9.748,No
4.051,Si
1.669,Si
5.4,No
2.544,Si
0.33,Si
4.93,Si
1.591,Si
0.582,Si
9.602,No
8.084,No
0.879,Si
3.821,Si
3.574,Si
8.995,No
5.918,No
5.019,No
4.024,Si
9.522,No
1.266,Si
2.011,Si
5.397,No
8.495,No
9.187,No
2.689,Si
1.397,Si
4.607,Si
7.223,No
3.076,Si
7.662,No
7.502,No
8.53,No
8.752,No
7.161,No
7.425,No
1.101,Si
6.277,No
5.329,No
5.243,No
6.05,No
9.204,No
0.459,Si
9.751,No
2.626,Si
3.789,Si
6.908,No
0.002,Si
1.409,Si
9.495,No
4.053,Si
2.593,Si
1.006,Si
7.335,No
4.505,Si
1.733,Si
0.43,Si
6.959,No
1.964,Si
8.138,No
2.062,Si
8.601,No
3.799,Si
3.07,Si
2.968,Si
5.81,No
4.716,Si
7.982,No
5.394,No
7.687,No
6.141,No
9.004,No
0.302,Si
3.762,Si
3.685,Si
2.983,Si
7.074,No
1.809,Si
9.003,No
1.961,Si
0.922,Si
9.34,No
2.218,Si
3.373,Si
9.161,No
1.793,Si
1.68,Si
6.06,No
1.724,Si
6.733,No
5.991,No
8.01,No
7.78,No
2.467,Si
1.674,Si
6.687,No
8.713,No
3.265,Si
5.302,No
6.413,No
0.023,Si
3.751,Si
9.461,No
8.39,No
5.076,No
3.552,Si
5.599,No
8.564,No
9.877,No
8.381,No
4.743,Si
3.108,Si
8.389,No
3.786,Si
1.151,Si
4.435,Si
4.408,Si
2.667,Si
9.394,No
0.337,Si
9.323,No
4.903,Si
0.061,Si
2.587,Si
7.107,No
9.719,No
8.23,No
5.677,No
8.485,No
8.253,No
6.721,No
3.076,Si
4.315,Si
1.792,Si
0.167,Si
5.083,No
3.754,Si
3.3,Si
4.3,Si
4.513,Si
1.018,Si
8.68,No
1.465,Si
0.612,Si
5.692,No
2.112,Si
4.915,Si
5.035,No
7.832,No
9.308,No
4.16,Si
6.912,No
5.71,No
1.578,Si
6.693,No
6.909,No
1.518,Si
0.661,Si
9.053,No
3.323,Si
7.414,No
8.874,No
5.943,No
9.399,No
1.872,Si
1.963,Si
9.032,No
8.579,No
0.376,Si
6.655,No
2.834,Si
7.323,No
4.959,Si
0.11,Si
6.914,No
2.266,Si
4.408,Si
6.335,No
7.908,No
3.936,Si
3.555,Si
7.141,No
9.885,No
2.997,Si
0.788,Si
1.842,Si
2.955,Si
8.118,No
1.49,Si
8.788,No
2.071,Si
0.279,Si
4.984,Si
8.194,No
2.728,Si
3.122,Si
4.712,Si
6.934,No
3.028,Si
9.38,No
9.806,No
4.986,Si
2.17,Si
2.286,Si
3.135,Si
6.378,No
9.548,No
3.521,Si
6.236,No
8.015,No
2.306,Si
6.061,No
5.269,No
1.16,Si
7.553,No
5.8,No
2.411,Si
1.213,Si
2.951,Si
6.009,No
0.45,Si
2.961,Si
1.091,Si
0.693,Si
1.29,Si
4.222,Si
4.474,Si
6.62,No
2.058,Si
0.823,Si
8.232,No
3.01,Si
5.082,No
8.508,No
2.108,Si
6.602,No
9.297,No
3.585,Si
2.25,Si
1.804,Si
4.601,Si
9.259,No
1.549,Si
5.907,No
6.488,No
2.877,Si
2.783,Si
1.184,Si
1.796,Si
5.554,No
6.785,No
1.332,Si
1.207,Si
9.558,No
5.719,No
9.348,No
1.105,Si
1.41,Si
4.409,Si
3.818,Si
5.725,No
3.927,Si
5.063,No
6.505,No
5.607,No
5.134,No
8.119,No
8.23,No
9.853,No
3.844,Si
6.59,No
1.734,Si
8.326,No
1.44,Si
0.214,Si
7.733,No
1.984,Si
4.846,Si
1.827,Si
1.64,Si
9.781,No
2.983,Si
4.712,Si
9.015,No
5.1,No
8.393,No
1.845,Si
9.684,No
0.203,Si
9.276,No
0.077,Si
9.797,No
0.35,Si
6.926,No
4.028,Si
8.288,No
0.946,Si
4.056,Si
7.791,No
3.051,Si
8.316,No
1.756,Si
4.519,Si
8.305,No
2.506,Si
9.865,No
4.174,Si
5.144,No
5.576,No
2.71,Si
9.862,No
2.122,Si
3.614,Si
8.763,No
3.927,Si
3.507,Si
4.285,Si
0.865,Si
4.301,Si
7.201,No
2.786,Si
2.201,Si
4.661,Si
9.932,No
0.85,Si
8.731,No
4.067,Si
8.583,No
8.784,No
5.207,No
8.967,No
2.886,Si
4.209,Si
8.982,No
7.695,No
4.518,Si
1.472,Si
0.774,Si
7.54,No
9.089,No
0.583,Si
3.992,Si
8.677,No
2.059,Si
9.502,No
3.85,Si
1.726,Si
4.181,Si
4.155,Si
6.373,No
7.243,No
5.894,No
1.959,Si
3.709,Si
5.616,No
5.403,No
5.693,No
5.462,No
7.199,No
5.478,No
3.678,Si
9.941,No
8.956,No
9.132,No
8.047,No
3.644,Si
0.974,Si
2.642,Si
2.959,Si
7.614,No
4.495,Si
3.538,Si
7.927,No
9.42,No
6.582,No
1.384,Si
8.338,No
7.895,No
1.403,Si
2.769,Si
1.374,Si
3.835,Si
1.552,Si
7.949,No
1.842,Si
1.009,Si
5.956,No
1.816,Si
4.709,Si
3.146,Si
3.334,Si
1.69,Si
4.129,Si
9.643,No
5.36,No
7.72,No
5.236,No
7.455,No
6.064,No
4.614,Si
3.275,Si
0.998,Si
5.729,No
4.163,Si
4.946,Si
8.694,No
9.934,No
6.574,No
3.497,Si
7.61,No
2.858,Si
0.234,Si
8.771,No
1.535,Si
8.052,No
4.873,Si
0.561,Si
9.826,No
1.834,Si
7.341,No
8.016,No
6.761,No
7.125,No
9.858,No
3.852,Si
3.984,Si
6.55,No
8.334,No
4.387,Si
2.561,Si
8.494,No
6.712,No
1.263,Si
2.774,Si
8.491,No
8.348,No
1.841,Si
6.196,No
8.49,No
5.708,No
7.111,No
0.528,Si
3.393,Si
2.041,Si
0.227,Si
1.849,Si
9.093,No
2.641,Si
3.951,Si
4.223,Si
8.609,No
1.824,Si
8.146,No
4.994,Si
5.503,No
2.482,Si
1.924,Si
9.975,No
8.151,No
8.719,No
4.809,Si
0.027,Si
4.741,Si
2.635,Si
8.196,No
3.52,Si
7.292,No
1.179,Si
8.185,No
6.779,No
6.088,No
0.716,Si
9.652,No
4.518,Si
0.253,Si
8.971,No
8.306,No
7.773,No
3.18,Si
6.203,No
9.754,No
2.138,Si
3.613,Si
2.535,Si
0.884,Si
3.773,Si
8.206,No
7.272,No
8.806,No
2.629,Si
3.667,Si
4.165,Si
5.195,No
7.645,No
7.638,No
4.687,Si
4.652,Si
6.42,No
9.725,No
1.883,Si
0.438,Si
6.905,No
7.587,No
8.523,No
7.594,No
4.64,Si
7.84,No
1.638,Si
3.799,Si
2.904,Si
4.559,Si
9.301,No
3.187,Si
8.638,No
8.94,No
9.301,No
9.339,No
4.716,Si
1.346,Si
0.996,Si
1.566,Si
4.792,Si
6.858,No
1.565,Si
7.331,No
5.359,No
0.151,Si
2.99,Si
4.583,Si
6.585,No
3.422,Si
4.526,Si
2.503,Si
9.001,No
3.359,Si
6.402,No
0.218,Si
4.745,Si
5.718,No
3.905,Si
4.605,Si
6.804,No
8.991,No
9.54,No
5.854,No
1.272,Si
1.332,Si
2.156,Si
4.862,Si
4.935,Si
2.655,Si
2.552,Si
4.803,Si
4.252,Si
4.054,Si
0.936,Si
8.867,No
6.034,No
0.949,Si
5.793,No
0.665,Si
4.69,Si
7.64,No
9.693,No
4.278,Si
7.438,No
8.968,No
7.431,No
6.399,No
7.905,No
5.268,No
2.639,Si
0.74,Si
4.673,Si
9.289,No
6.2,No
9.139,No
6.915,No
1.812,Si
4.686,Si
2.1,Si
8.576,No
4.102,Si
3.227,Si
0.594,Si
1.983,Si
6.72,No
0.941,Si
5.1,No
8.13,No
3.808,Si
9.92,No
9.452,No
8.41,No
3.773,Si
0.001,Si
0.885,Si
7.761,No
0.778,Si
3.184,Si
0.736,Si
3.701,Si
4.032,Si
8.187,No
3.406,Si
5.577,No
7.71,No
3.596,Si
3.407,Si
2.832,Si
6.472,No
2.603,Si
6.63,No
0.977,Si
4.801,Si
7.81,No
1.016,Si
0.109,Si
1.839,Si
5.964,No
5.78,No
4.153,Si
3.195,Si
0.261,Si
3.978,Si
6.817,No
2.076,Si
2.457,Si
1.903,Si
4.434,Si
0.037,Si
4.103,Si
3.04,Si
7.22,No
2.261,Si
5.068,No
5.524,No
8.092,No
2.032,Si
4.374,Si
6.054,No
5.432,No
3.721,Si
8.62,No
1.722,Si
0.714,Si
3.396,Si
4.59,Si
0.876,Si
1.511,Si
7.65,No
9.124,No
7.612,No
9.14,No
5.019,No
0.899,Si
0.203,Si
1.361,Si
2.058,Si
7.349,No
3.426,Si
8.974,No
3.644,Si
6.163,No
3.605,Si
4.222,Si
0.859,Si
0.966,Si
7.474,No
3.544,Si
5.106,No
8.702,No
9.694,No
3.946,Si
7.03,No
0.486,Si
8.987,No
5.956,No
9.768,No
5.006,No
1.919,Si
7.448,No
0.746,Si
6.089,No
2.987,Si
1.725,Si
6.35,No
7.018,No
2.134,Si
4.092,Si
8.832,No
3.534,Si
9.552,No
9.225,No
3.777,Si
0.605,Si
2.526,Si
6.471,No
9.215,No
4.581,Si
5.268,No
2.692,Si
2.084,Si
7.362,No
1.734,Si
8.0,No
4.487,Si
7.429,No
5.109,No
8.698,No
1.719,Si
8.526,No
8.414,No
5.959,No
7.847,No
8.394,No
7.286,No
3.745,Si
5.886,No
4.19,Si
9.836,No
8.365,No
6.559,No
1.562,Si
2.845,Si
7.133,No
6.036,No
9.119,No
1.998,Si
4.863,Si
7.709,No
3.919,Si
7.531,No
0.911,Si
0.838,Si
8.066,No
1.73,Si
6.546,No
9.912,No
8.761,No
7.806,No
6.077,No
4.204,Si
2.408,Si
2.039,Si
5.882,No
9.566,No
5.092,No
0.299,Si
0.317,Si
2.676,Si
7.861,No
2.839,Si
8.113,No
5.378,No
1.142,Si
8.334,No
6.711,No
0.166,Si
6.402,No
7.711,No
6.345,No
4.156,Si
8.255,No
9.818,No
6.862,No
2.261,Si
8.264,No
5.658,No
0.597,Si
9.923,No
5.902,No
6.593,No
4.149,Si
1.748,Si
8.564,No
2.151,Si
3.528,Si
6.316,No
7.262,No
2.78,Si
3.688,Si
4.55,Si
7.663,No
3.57,Si
4.205,Si
8.914,No
5.243,No
8.35,No
2.55,Si
3.978,Si
5.64,No
6.185,No
0.863,Si
6.878,No
4.205,Si
5.477,No
1.467,Si
8.809,No
7.197,No
6.227,No
7.916,No
7.723,No
4.252,Si
5.664,No
8.18,No
4.608,Si
9.282,No
5.212,No
1.311,Si
6.548,No
4.962,Si
4.642,Si
1.102,Si
9.839,No
0.177,Si
6.326,No
2.044,Si
2.564,Si
4.203,Si
6.803,No
6.852,No
6.06,No
9.781,No
8.277,No
7.104,No
8.492,No
9.879,No
8.527,No
6.367,No
8.933,No
9.53,No
5.169,No
8.428,No
2.102,Si
8.173,No
1.589,Si
9.058,No
8.699,No
1.027,Si
2.238,Si
0.203,Si
3.534,Si
9.224,No
7.727,No
3.02,Si
6.037,No
7.821,No
0.465,Si
1.012,Si
4.851,Si
2.771,Si
1.062,Si
1.621,Si
3.295,Si
9.341,No
6.077,No
1.261,Si
1.427,Si
3.677,Si
9.494,No
5.636,No
9.828,No
8.026,No
4.335,Si
0.135,Si
0.085,Si
0.412,Si
5.128,No
9.247,No
0.509,Si
6.889,No
6.984,No
6.428,No
9.131,No
0.614,Si
2.914,Si
1.962,Si
0.775,Si
2.325,Si
2.644,Si
6.836,No
7.742,No
8.008,No
8.592,No
6.222,No
5.946,No
7.878,No
8.345,No
8.842,No
0.863,Si
6.874,No
7.039,No
1.896,Si
9.219,No
9.026,No
4.986,Si
2.528,Si
7.408,No
7.318,No
4.097,Si
3.902,Si
0.622,Si
0.37,Si
4.001,Si
3.084,Si
0.417,Si
6.211,No
3.044,Si
3.874,Si
5.347,No
8.554,No
2.958,Si
0.187,Si
2.842,Si
7.917,No
9.014,No
3.805,Si
8.864,No
4.773,Si
9.538,No
3.476,Si
1.85,Si
6.703,No
4.805,Si
5.861,No
2.57,Si
3.517,Si
6.818,No
8.201,No
7.211,No
2.219,Si
0.824,Si
3.66,Si
2.149,Si
1.083,Si
1.979,Si
1.294,Si
4.346,Si
4.661,Si
0.127,Si
9.945,No
6.386,No
7.311,No
5.486,No
8.387,No
3.675,Si
7.718,No
3.7,Si
9.491,No
3.717,Si
3.531,Si
8.427,No
0.801,Si
2.061,Si
0.766,Si
3.13,Si
9.781,No
1.289,Si
4.619,Si
6.463,No
1.626,Si
9.123,No
1.957,Si
4.765,Si
6.371,No
6.868,No
6.841,No
0.165,Si
8.439,No
3.235,Si
1.849,Si
7.933,No
8.804,No
1.667,Si
0.461,Si
4.375,Si
3.208,Si
2.434,Si
0.553,Si
5.198,No
1.869,Si
5.753,No
4.027,Si
1.78,Si
9.232,No
4.093,Si
0.011,Si
6.23,No
2.67,Si
8.892,No
2.397,Si
5.072,No
2.54,Si
2.294,Si
3.091,Si
6.988,No
3.839,Si
6.305,No
4.365,Si
5.332,No
8.737,No
6.132,No
9.631,No
3.64,Si
9.268,No
6.323,No
1.97,Si
5.567,No
9.801,No
9.118,No
0.492,Si
1.908,Si
6.589,No
0.078,Si
6.602,No
7.532,No
1.169,Si
3.662,Si
4.473,Si
7.411,No
7.315,No
4.985,Si
2.361,Si
3.666,Si
9.316,No
2.446,Si
2.624,Si
4.816,Si
4.287,Si
0.688,Si
8.532,No
4.872,Si
6.424,No
6.161,No
3.193,Si
4.906,Si
4.83,Si
7.628,No
3.452,Si
3.916,Si
7.763,No
5.14,No
5.483,No
5.168,No
4.889,Si
3.117,Si
3.749,Si
8.113,No
1.428,Si
1.616,Si
4.323,Si
8.769,No
8.813,No
4.054,Si
1.28,Si
8.839,No
1.922,Si
8.886,No
3.336,Si
7.775,No
6.537,No
4.093,Si
0.57,Si
4.14,Si
7.219,No
1.501,Si
6.12,No
6.441,No
6.42,No
8.833,No
2.734,Si
9.176,No
9.352,No
2.724,Si
3.28,Si
1.665,Si
6.238,No
8.58,No
5.635,No
3.096,Si
8.974,No
3.286,Si
4.682,Si
9.751,No
7.137,No
1.745,Si
6.777,No
6.881,No
8.773,No
0.85,Si
1.767,Si
3.84,Si
3.465,Si
3.944,Si
4.157,Si
7.166,No
6.804,No
7.836,No
5.664,No
5.016,No
4.975,Si
6.127,No
3.117,Si
3.952,Si
0.334,Si
2.021,Si
2.412,Si
5.814,No
7.486,No
0.182,Si
3.973,Si
2.336,Si
4.866,Si
8.39,No
9.152,No
0.125,Si
5.313,No
4.627,Si
3.094,Si
6.076,No
6.108,No
3.284,Si
4.618,Si
7.53,No
7.916,No
0.725,Si
7.723,No
6.961,No
0.751,Si
3.457,Si
1.938,Si
8.961,No
1.919,Si
9.69,No
7.325,No
7.342,No
7.963,No
0.204,Si
3.9,Si
9.28,No
3.317,Si
7.02,No
8.55,No
3.049,Si
1.74,Si
9.534,No
1.73,Si
2.992,Si
6.973,No
7.805,No
4.64,Si
6.497,No
2.593,Si
5.798,No
8.512,No
7.311,No
6.891,No
7.333,No
6.203,No
0.461,Si
9.547,No
6.995,No
6.484,No
5.985,No
0.881,Si
3.902,Si
9.18,No
9.185,No
0.113,Si
7.426,No
8.2,No
0.316,Si
8.729,No
3.144,Si
5.378,No
7.661,No
4.02,Si
2.656,Si
8.42,No
5.05,No
3.582,Si
8.118,No
0.753,Si
8.404,No
9.684,No
0.739,Si
8.77,No
9.764,No
7.051,No
2.8,Si
3.479,Si
6.264,No
2.787,Si
5.559,No
0.43,Si
5.991,No
4.032,Si
5.163,No
2.446,Si
0.192,Si
6.86,No
5.71,No
1.628,Si
4.195,Si
2.661,Si
7.384,No
2.162,Si
5.096,No
6.967,No
2.596,Si
0.438,Si
2.808,Si
2.097,Si
5.676,No
6.042,No
4.942,Si
2.529,Si
0.971,Si
8.753,No
7.775,No
0.537,Si
4.686,Si
3.433,Si
0.483,Si
7.202,No
3.562,Si
5.187,No
3.383,Si
0.889,Si
9.64,No
1.976,Si
7.917,No
0.152,Si
0.622,Si
6.138,No
3.551,Si
6.836,No
8.475,No
9.869,No
1.697,Si
0.456,Si
5.549,No
1.569,Si
0.315,Si
8.396,No
9.208,No
3.768,Si
1.296,Si
8.179,No
8.442,No
9.899,No
5.407,No
3.368,Si
1.355,Si
2.813,Si
0.107,Si
6.635,No
4.209,Si
4.049,Si
3.134,Si
0.504,Si
9.669,No
2.159,Si
9.844,No
6.191,No
0.892,Si
3.558,Si
7.877,No
1.628,Si
5.999,No
2.425,Si
3.523,Si
5.13,No
5.048,No
8.977,No
0.15,Si
9.666,No
9.181,No
4.698,Si
9.173,No
5.219,No
9.551,No
0.609,Si
2.029,Si
1.837,Si
5.085,No
6.335,No
4.779,Si
8.452,No
6.82,No
2.263,Si
6.95,No
7.962,No
4.111,Si
0.552,Si
6.014,No
7.683,No
3.93,Si
7.24,No
0.873,Si
4.395,Si
9.889,No
7.66,No
5.152,No
7.078,No
9.673,No
1.621,Si
0.753,Si
4.243,Si
6.98,No
9.036,No
4.213,Si
9.469,No
9.696,No
8.793,No
9.483,No
4.783,Si
1.891,Si
8.907,No
7.806,No
4.095,Si
2.264,Si
2.664,Si
3.289,Si
0.974,Si
9.303,No
5.028,No
7.687,No
3.664,Si
5.595,No
3.975,Si
0.849,Si
6.582,No
8.236,No
1.018,Si
7.995,No
5.631,No
7.743,No
5.283,No
1.256,Si
8.367,No
3.248,Si
7.613,No
7.567,No
3.126,Si
2.64,Si
8.275,No
0.49,Si
6.758,No
1.887,Si
5.839,No
6.413,No
1.868,Si
0.016,Si
9.294,No
8.023,No
1.73,Si
3.188,Si
0.135,Si
9.456,No
0.921,Si
4.326,Si
7.366,No
1.567,Si
5.521,No
5.941,No
2.439,Si
5.154,No
1.201,Si
4.923,Si
2.587,Si
3.482,Si
6.263,No
9.689,No
7.943,No
9.712,No
5.91,No
7.003,No
5.912,No
4.509,Si
0.085,Si
1.31,Si
9.24,No
7.011,No
5.247,No
0.845,Si
7.47,No
3.203,Si
9.402,No
9.743,No
1.943,Si
8.209,No
4.841,Si
7.792,No
7.18,No
8.397,No
2.171,Si
5.049,No
0.107,Si
7.644,No
4.15,Si
2.27,Si
9.232,No
0.595,Si
5.769,No
5.98,No
9.969,No
9.048,No
9.47,No
9.39,No
5.497,No
6.767,No
4.264,Si
6.248,No
8.985,No
5.01,No
5.019,No
4.217,Si
4.826,Si
0.569,Si
3.769,Si
3.323,Si
5.739,No
9.978,No
2.59,Si
0.691,Si
1.092,Si
0.295,Si
6.836,No
0.787,Si
7.325,No
4.235,Si
0.439,Si
0.395,Si
6.191,No
6.365,No
5.168,No
8.596,No
3.492,Si
1.168,Si
4.433,Si
7.012,No
8.725,No
9.545,No
7.54,No
0.424,Si
2.348,Si
7.718,No
7.312,No
9.919,No
1.855,Si
9.921,No
5.326,No
4.583,Si
5.968,No
9.542,No
1.449,Si
2.984,Si
9.999,No
1.807,Si
8.418,No
8.84,No
6.531,No
0.327,Si
7.407,No
0.118,Si
5.383,No
4.598,Si
8.088,No
4.018,Si
5.191,No
7.881,No
7.747,No
4.254,Si
9.382,No
6.399,No
6.583,No
7.284,No
0.593,Si
7.976,No
5.555,No
6.003,No
8.762,No
5.39,No
8.796,No
7.042,No
2.392,Si
6.568,No
7.632,No
0.517,Si
0.588,Si
0.357,Si
9.748,No
0.553,Si
3.756,Si
2.5,Si
2.907,Si
0.217,Si
2.726,Si
8.39,No
4.323,Si
0.968,Si
2.467,Si
7.435,No
2.262,Si
2.942,Si
9.089,No
0.243,Si
1.87,Si
2.594,Si
8.874,No
2.585,Si
7.024,No
9.574,No
2.016,Si
1.482,Si
9.8,No
6.984,No
4.53,Si
1.146,Si
3.031,Si
0.339,Si
3.658,Si
3.459,Si
2.956,Si
4.222,Si
8.799,No
7.445,No
7.424,No
5.687,No
2.225,Si
4.739,Si
5.996,No
7.871,No
9.179,No
9.12,No
4.814,Si
6.745,No
8.453,No
4.973,Si
3.862,Si
7.895,No
1.089,Si
1.439,Si
8.382,No
0.683,Si
6.815,No
2.421,Si
2.41,Si
6.923,No
6.998,No
5.353,No
8.156,No
0.498,Si
6.359,No
5.411,No
0.898,Si
8.317,No
7.909,No
2.432,Si
2.825,Si
1.01,Si
8.722,No
6.691,No
9.464,No
9.807,No
4.126,Si
1.985,Si
5.347,No
7.004,No
8.368,No
0.799,Si
1.377,Si
6.563,No
8.048,No
7.773,No
0.189,Si
9.284,No
7.691,No
6.947,No
3.319,Si
9.939,No
3.743,Si
9.213,No
9.944,No
3.545,Si
0.503,Si
5.045,No
6.283,No
9.864,No
8.056,No
0.152,Si
2.217,Si
6.208,No
9.405,No
3.978,Si
5.914,No
1.293,Si
8.613,No
4.643,Si
5.005,No
7.981,No
9.179,No
4.703,Si
7.48,No
4.029,Si
9.601,No
8.959,No
9.515,No
6.494,No
9.501,No
1.888,Si
7.851,No
4.546,Si
2.079,Si
4.227,Si
7.771,No
5.379,No
2.912,Si
4.154,Si
4.44,Si
8.077,No
4.481,Si
1.468,Si
1.393,Si
3.761,Si
3.41,Si
1.188,Si
8.448,No
0.422,Si
8.375,No
5.712,No
2.698,Si
2.88,Si
3.941,Si
8.977,No
5.65,No
3.717,Si
9.557,No
4.166,Si
9.63,No
0.179,Si
3.054,Si
4.199,Si
7.468,No
2.706,Si
2.371,Si
2.535,Si
3.333,Si
1.591,Si
4.459,Si
2.98,Si
8.83,No
9.055,No
0.396,Si
8.406,No
8.864,No
4.314,Si
7.363,No
1.197,Si
9.346,No
0.172,Si
1.389,Si
0.395,Si
2.425,Si
5.713,No
0.199,Si
5.39,No
4.809,Si
1.766,Si
2.35,Si
3.163,Si
4.26,Si
5.629,No
7.741,No
0.0,Si
6.601,No
9.744,No
7.296,No
4.18,Si
5.027,No
5.009,No
7.479,No
1.95,Si
5.525,No
2.425,Si
9.067,No
3.933,Si
0.499,Si
1.9,Si
9.962,No
8.071,No
2.172,Si
8.147,No
5.537,No
2.145,Si
8.683,No
5.661,No
9.375,No
5.48,No
7.238,No
8.171,No
4.198,Si
9.454,No
4.411,Si
6.911,No
6.288,No
7.458,No
4.48,Si
8.129,No
3.388,Si
6.841,No
0.995,Si
5.932,No
6.689,No
6.809,No
3.408,Si
7.894,No
8.854,No
5.152,No
3.478,Si
5.984,No
9.964,No
6.655,No
5.951,No
0.231,Si
6.365,No
0.854,Si
0.63,Si
2.24,Si
6.766,No
0.054,Si
1.47,Si
3.135,Si
2.745,Si
2.323,Si
2.455,Si
8.163,No
1.88,Si
9.405,No
5.044,No
3.25,Si
8.135,No
9.282,No
0.516,Si
8.863,No
6.567,No
1.21,Si
6.693,No
2.733,Si
7.861,No
7.03,No
2.082,Si
0.892,Si
5.809,No
7.845,No
9.227,No
9.107,No
4.687,Si
5.97,No
3.129,Si
8.426,No
6.076,No
3.524,Si
7.888,No
6.277,No
4.924,Si
1.26,Si
3.382,Si
6.156,No
4.929,Si
9.015,No
4.014,Si
1.923,Si
5.852,No
8.902,No
4.482,Si
2.13,Si
3.176,Si
9.933,No
3.202,Si
6.55,No
7.447,No
8.069,No
9.79,No
5.706,No
8.098,No
6.133,No
7.133,No
3.065,Si
7.521,No
6.624,No
2.284,Si
3.785,Si
8.962,No
3.543,Si
4.391,Si
3.53,Si
1.001,Si
0.942,Si
9.524,No
2.261,Si
0.391,Si
9.038,No
9.602,No
5.309,No
2.713,Si
4.803,Si
7.754,No
0.272,Si
1.075,Si
2.916,Si
8.434,No
1.394,Si
0.814,Si
5.262,No
1.992,Si
5.109,No
2.832,Si
2.946,Si
6.871,No
8.345,No
3.988,Si
8.493,No
7.437,No
1.269,Si
1.157,Si
2.744,Si
2.563,Si
9.116,No
3.398,Si
4.686,Si
5.104,No
0.162,Si
9.717,No
3.017,Si
0.267,Si
8.55,No
0.371,Si
1.068,Si
8.625,No
5.856,No
4.66,Si
8.631,No
6.066,No
4.932,Si
8.73,No
7.4,No
4.806,Si
0.058,Si
7.466,No
4.818,Si
0.066,Si
6.569,No
2.036,Si
7.029,No
6.007,No
0.976,Si
0.101,Si
6.039,No
5.191,No
5.581,No
5.43,No
2.25,Si
4.709,Si
8.551,No
3.813,Si
8.194,No
6.255,No
7.44,No
7.64,No
1.022,Si
2.358,Si
1.178,Si
6.998,No
8.818,No
4.792,Si
5.074,No
2.315,Si
2.005,Si
3.29,Si
9.591,No
6.815,No
9.416,No
1.111,Si
4.27,Si
8.485,No
2.382,Si
8.5,No
5.375,No
6.54,No
5.922,No
8.722,No
8.776,No
1.249,Si
3.608,Si
8.874,No
6.152,No
6.612,No
1.467,Si
5.317,No
6.444,No
3.85,Si
3.519,Si
5.513,No
3.973,Si
7.771,No
2.083,Si
4.259,Si
2.63,Si
3.083,Si
4.619,Si
0.213,Si
6.298,No
6.607,No
5.602,No
1.187,Si
0.208,Si
3.911,Si
8.713,No
6.262,No
6.178,No
8.445,No
9.658,No
5.307,No
1.811,Si
7.996,No
0.55,Si
3.807,Si
7.763,No
8.666,No
6.818,No
0.466,Si
9.444,No
0.419,Si
2.582,Si
7.076,No
2.368,Si
8.026,No
2.045,Si
4.585,Si
0.525,Si
2.583,Si
8.332,No
0.401,Si
4.349,Si
6.33,No
4.501,Si
7.757,No
3.844,Si
7.28,No
7.338,No
4.276,Si
0.398,Si
1.021,Si
4.57,Si
4.145,Si
5.845,No
2.859,Si
8.963,No
7.576,No
4.861,Si
3.113,Si
2.441,Si
3.177,Si
8.583,No
3.938,Si
0.909,Si
6.579,No
2.507,Si
0.981,Si
7.724,No
2.61,Si
3.637,Si
9.36,No
9.433,No
2.852,Si
9.55,No
5.45,No
1.74,Si
8.023,No
0.116,Si
5.45,No
3.69,Si
5.212,No
8.308,No
6.347,No
6.454,No
8.54,No
7.129,No
2.546,Si
3.721,Si
4.44,Si
9.205,No
9.592,No
0.123,Si
6.237,No
4.687,Si
8.882,No
4.249,Si
4.848,Si
7.897,No
8.915,No
5.053,No
9.938,No
1.153,Si
5.594,No
2.034,Si
6.605,No
5.531,No
9.321,No
1.905,Si
1.61,Si
4.044,Si
2.273,Si
4.993,Si
6.078,No
3.964,Si
4.263,Si
3.408,Si
5.022,No
7.559,No
6.88,No
0.073,Si
1.659,Si
4.228,Si
5.99,No
5.844,No
2.399,Si
3.597,Si
8.5,No
2.715,Si
9.103,No
0.194,Si
9.795,No
8.354,No
2.447,Si
5.183,No
5.968,No
7.308,No
1.548,Si
0.496,Si
6.079,No
0.99,Si
7.235,No
9.552,No
7.343,No
6.522,No
9.756,No
2.0,Si
7.33,No
5.08,No
3.363,Si
1.899,Si
4.666,Si
4.555,Si
0.5,Si
3.594,Si
4.237,Si
3.017,Si
4.305,Si
0.071,Si
3.917,Si
6.296,No
2.206,Si
7.42,No
2.971,Si
2.172,Si
3.791,Si
2.243,Si
3.967,Si
5.535,No
1.635,Si
2.166,Si
6.176,No
7.843,No
9.029,No
6.327,No
1.621,Si
6.596,No
4.477,Si
0.041,Si
9.483,No
0.722,Si
4.845,Si
0.787,Si
0.781,Si
5.456,No
8.768,No
4.891,Si
7.597,No
2.267,Si
9.28,No
1.943,Si
0.423,Si
3.951,Si
6.217,No
5.831,No
7.441,No
8.914,No
4.3,Si
1.644,Si
4.972,Si
6.714,No
0.527,Si
7.785,No
4.966,Si
8.219,No
3.585,Si
0.853,Si
2.812,Si
7.169,No
5.301,No
2.382,Si
5.294,No
6.789,No
6.639,No
9.093,No
4.967,Si
3.397,Si
1.748,Si
0.453,Si
5.443,No
5.339,No
6.062,No
1.321,Si
0.391,Si
9.117,No
9.845,No
8.011,No
0.67,Si
5.48,No
4.442,Si
8.117,No
7.213,No
2.42,Si
0.477,Si
9.32,No
7.988,No
0.981,Si
8.026,No
3.729,Si
5.136,No
7.747,No
5.474,No
7.527,No
0.383,Si
4.277,Si
4.067,Si
1.464,Si
6.104,No
5.905,No
4.386,Si
5.955,No
8.62,No
6.966,No
2.975,Si
9.55,No
4.464,Si
1.481,Si
6.798,No
4.566,Si
0.87,Si
6.154,No
8.451,No
0.22,Si
3.056,Si
2.942,Si
5.887,No
8.746,No
3.678,Si
8.423,No
1.194,Si
3.855,Si
2.439,Si
0.647,Si
1.476,Si
0.367,Si
8.239,No
4.126,Si
0.289,Si
2.509,Si
7.283,No
3.957,Si
7.972,No
8.11,No
7.918,No
0.984,Si
8.56,No
7.992,No
6.443,No
9.341,No
0.412,Si
3.357,Si
0.124,Si
6.812,No
2.98,Si
5.518,No
4.53,Si
1.971,Si
8.769,No
0.242,Si
8.786,No
8.203,No
2.125,Si
7.576,No
2.386,Si
7.15,No
2.887,Si
6.298,No
9.799,No
9.613,No
1.918,Si
2.258,Si
4.264,Si
7.034,No
4.459,Si
0.872,Si
7.418,No
1.819,Si
9.247,No
6.85,No
4.771,Si
3.019,Si
6.866,No
5.54,No
7.008,No
0.679,Si
8.225,No
4.998,Si
9.1,No
3.208,Si
0.064,Si
4.084,Si
0.594,Si
0.536,Si
0.244,Si
6.593,No
2.881,Si
0.95,Si
3.145,Si
1.374,Si
1.665,Si
9.791,No
3.378,Si
5.509,No
8.587,No
8.788,No
4.78,Si
0.322,Si
6.026,No
1.553,Si
0.498,Si
4.597,Si
9.278,No
0.643,Si
1.257,Si
0.43,Si
2.561,Si
6.012,No
6.831,No
2.77,Si
5.546,No
7.105,No
5.764,No
6.396,No
4.255,Si
7.377,No
6.965,No
4.255,Si
1.064,Si
4.646,Si
8.323,No
2.665,Si
5.862,No
3.006,Si
9.13,No
2.104,Si
0.201,Si
3.296,Si
3.137,Si
1.442,Si
0.84,Si
1.215,Si
6.08,No
4.653,Si
4.237,Si
3.193,Si
5.611,No
6.668,No
1.421,Si
6.247,No
8.241,No
4.581,Si
4.5,Si
7.002,No
9.235,No
2.511,Si
1.064,Si
5.018,No
9.164,No
4.219,Si
2.156,Si
6.165,No
2.655,Si
1.533,Si
6.484,No
8.896,No
4.167,Si
1.857,Si
5.162,No
1.086,Si
4.166,Si
7.039,No
9.446,No
8.775,No
6.181,No
3.629,Si
9.242,No
4.27,Si
2.093,Si
1.376,Si
2.003,Si
3.452,Si
2.536,Si
4.491,Si
0.138,Si
9.397,No
8.463,No
6.005,No
8.955,No
1.565,Si
8.079,No
7.223,No
1.78,Si
2.965,Si
9.962,No
4.203,Si
4.677,Si
7.364,No
3.691,Si
1.194,Si
7.073,No
5.846,No
4.379,Si
0.197,Si
6.49,No
3.987,Si
0.59,Si
1.7,Si
9.732,No
0.826,Si
9.142,No
9.886,No
1.651,Si
6.287,No
8.446,No
3.799,Si
5.226,No
4.645,Si
4.248,Si
9.109,No
1.888,Si
4.488,Si
3.233,Si
5.701,No
6.233,No
4.475,Si
0.82,Si
4.105,Si
6.288,No
4.227,Si
3.89,Si
9.172,No
9.342,No
7.514,No
9.466,No
1.066,Si
1.869,Si
6.754,No
8.193,No
6.6,No
2.911,Si
3.767,Si
8.464,No
1.373,Si
0.531,Si
8.148,No
7.438,No
6.115,No
7.13,No
1.282,Si
7.808,No
7.306,No
3.26,Si
2.224,Si
4.287,Si
0.623,Si
6.497,No
2.978,Si
9.416,No
1.971,Si
0.36,Si
1.926,Si
8.03,No
1.77,Si
4.435,Si
0.828,Si
2.892,Si
7.751,No
8.985,No
9.314,No
1.63,Si
9.213,No
9.521,No
3.652,Si
1.267,Si
7.15,No
2.143,Si
8.446,No
0.72,Si
2.076,Si
8.903,No
1.953,Si
7.746,No
8.127,No
0.874,Si
5.449,No
2.37,Si
6.615,No
4.605,Si
4.98,Si
4.728,Si
4.649,Si
7.653,No
7.748,No
7.461,No
2.081,Si
6.463,No
3.82,Si
8.078,No
3.998,Si
9.369,No
4.451,Si
7.065,No
2.295,Si
8.637,No
7.561,No
7.324,No
6.458,No
7.63,No
8.629,No
6.258,No
0.423,Si
9.006,No
9.436,No
0.011,Si
7.621,No
1.443,Si
7.105,No
9.229,No
0.872,Si
5.404,No
6.293,No
5.962,No
0.05,Si
3.288,Si
0.686,Si
4.496,Si
6.676,No
8.77,No
1.294,Si
2.036,Si
9.36,No
1.703,Si
2.219,Si
8.339,No
9.031,No
1.498,Si
4.754,Si
7.259,No
7.219,No
1.449,Si
5.908,No
5.953,No
8.437,No
8.679,No
3.97,Si
1.003,Si
9.839,No
7.206,No
5.112,No
8.385,No
8.033,No
0.438,Si
7.345,No
1.083,Si
1.763,Si
6.899,No
7.761,No
1.671,Si
6.436,No
9.472,No
5.852,No
2.972,Si
2.237,Si
7.472,No
8.549,No
3.85,Si
8.655,No
4.894,Si
4.505,Si
7.777,No
5.034,No
3.924,Si
6.492,No
8.313,No
0.691,Si
2.703,Si
4.439,Si
6.604,No
3.136,Si
9.571,No
2.522,Si
2.654,Si
4.855,Si
6.842,No
5.365,No
6.64,No
8.902,No
8.427,No
5.245,No
4.382,Si
9.197,No
4.902,Si
1.913,Si
5.631,No
8.546,No
8.66,No
4.699,Si
7.7,No
1.859,Si
9.459,No
5.176,No
7.593,No
0.846,Si
6.734,No
1.739,Si
4.275,Si
1.215,Si
6.958,No
4.432,Si
1.262,Si
6.545,No
8.125,No
2.423,Si
4.084,Si
7.028,No
2.331,Si
7.373,No
2.609,Si
9.633,No
5.241,No
9.867,No
0.85,Si
6.264,No
1.183,Si
1.505,Si
4.833,Si
7.561,No
1.346,Si
3.179,Si
9.413,No
9.283,No
5.713,No
5.592,No
4.885,Si
6.833,No
4.007,Si
5.699,No
5.477,No
8.034,No
0.578,Si
9.925,No
1.326,Si
4.576,Si
6.773,No
7.819,No
1.901,Si
1.324,Si
7.377,No
1.765,Si
9.981,No
0.435,Si
8.166,No
3.823,Si
3.415,Si
5.342,No
8.847,No
9.022,No
1.615,Si
4.046,Si
4.143,Si
1.985,Si
6.474,No
9.61,No
9.264,No
5.357,No
5.886,No
3.961,Si
3.863,Si
5.121,No
4.19,Si
1.785,Si
